quarter,development_subset,requested_at,listing_evidence_id,discovered_url,representation,listed_size,listed_size_unit,source_status,selection_reason,gap_id
2010Q1,false,2026-10-05T23:40:56.609478+00:00,SEC-0003,https://www.sec.gov/Archives/edgar/full-index/2010/QTR1/index.json,quarter_summary,,,available,Listing only; no body collected,
2010Q2,false,2026-10-05T23:40:56.925594+00:00,SEC-0004,https://www.sec.gov/Archives/edgar/full-index/2010/QTR2/index.json,quarter_summary,,,available,Listing only; no body collected,
2010Q3,false,2026-10-05T23:40:57.265121+00:00,SEC-0005,https://www.sec.gov/Archives/edgar/full-index/2010/QTR3/index.json,quarter_summary,,,available,Listing only; no body collected,
2010Q4,false,2026-10-05T23:40:57.687057+00:00,SEC-0006,https://www.sec.gov/Archives/edgar/full-index/2010/QTR4/index.json,quarter_summary,,,available,Listing only; no body collected,
2011Q1,false,2026-10-05T23:40:58.310870+00:00,SEC-0008,https://www.sec.gov/Archives/edgar/full-index/2011/QTR1/index.json,quarter_summary,,,available,Listing only; no body collected,
2011Q2,false,2026-10-05T23:40:58.750537+00:00,SEC-0009,https://www.sec.gov/Archives/edgar/full-index/2011/QTR2/index.json,quarter_summary,,,available,Listing only; no body collected,
2011Q3,false,2026-10-05T23:40:59.004827+00:00,SEC-0010,https://www.sec.gov/Archives/edgar/full-index/2011/QTR3/index.json,quarter_summary,,,available,Listing only; no body collected,
2011Q4,false,2026-10-05T23:40:59.360332+00:00,SEC-0011,https://www.sec.gov/Archives/edgar/full-index/2011/QTR4/index.json,quarter_summary,,,available,Listing only; no body collected,
2012Q1,false,2026-10-05T23:41:00.030613+00:00,SEC-0013,https://www.sec.gov/Archives/edgar/full-index/2012/QTR1/index.json,quarter_summary,,,available,Listing only; no body collected,
2012Q2,false,2026-10-05T23:41:00.365071+00:00,SEC-0014,https://www.sec.gov/Archives/edgar/full-index/2012/QTR2/index.json,quarter_summary,,,available,Listing only; no body collected,
2012Q3,false,2026-10-05T23:41:00.728943+00:00,SEC-0015,https://www.sec.gov/Archives/edgar/full-index/2012/QTR3/index.json,quarter_summary,,,available,Listing only; no body collected,
2012Q4,false,2026-10-05T23:41:01.064048+00:00,SEC-0016,https://www.sec.gov/Archives/edgar/full-index/2012/QTR4/index.json,quarter_summary,,,available,Listing only; no body collected,
2013Q1,false,2026-10-05T23:41:01.772236+00:00,SEC-0018,https://www.sec.gov/Archives/edgar/full-index/2013/QTR1/index.json,quarter_summary,,,available,Listing only; no body collected,
2013Q2,false,2026-10-05T23:41:02.083551+00:00,SEC-0019,https://www.sec.gov/Archives/edgar/full-index/2013/QTR2/index.json,quarter_summary,,,available,Listing only; no body collected,
2013Q3,false,2026-10-05T23:41:02.464353+00:00,SEC-0020,https://www.sec.gov/Archives/edgar/full-index/2013/QTR3/index.json,quarter_summary,,,available,Listing only; no body collected,
2013Q4,false,2026-10-05T23:41:02.827441+00:00,SEC-0021,https://www.sec.gov/Archives/edgar/full-index/2013/QTR4/index.json,quarter_summary,,,available,Listing only; no body collected,
2014Q1,false,2026-10-05T23:41:03.483057+00:00,SEC-0023,https://www.sec.gov/Archives/edgar/full-index/2014/QTR1/index.json,quarter_summary,,,available,Listing only; no body collected,
2014Q2,false,2026-10-05T23:41:03.841789+00:00,SEC-0024,https://www.sec.gov/Archives/edgar/full-index/2014/QTR2/index.json,quarter_summary,,,available,Listing only; no body collected,
2014Q3,false,2026-10-05T23:41:04.209792+00:00,SEC-0025,https://www.sec.gov/Archives/edgar/full-index/2014/QTR3/index.json,quarter_summary,,,available,Listing only; no body collected,
2014Q4,false,2026-10-05T23:41:04.511752+00:00,SEC-0026,https://www.sec.gov/Archives/edgar/full-index/2014/QTR4/index.json,quarter_summary,,,available,Listing only; no body collected,
2015Q1,true,2026-10-05T23:41:05.244287+00:00,SEC-0028,https://www.sec.gov/Archives/edgar/full-index/2015/QTR1/index.json,quarter_summary,,,available,Listing only; no body collected,
2015Q2,true,2026-10-05T23:41:05.682267+00:00,SEC-0029,https://www.sec.gov/Archives/edgar/full-index/2015/QTR2/index.json,quarter_summary,,,available,Listing only; no body collected,
2015Q3,true,2026-10-05T23:41:05.916888+00:00,SEC-0030,https://www.sec.gov/Archives/edgar/full-index/2015/QTR3/index.json,quarter_summary,,,available,Listing only; no body collected,
2015Q4,true,2026-10-05T23:41:06.271985+00:00,SEC-0031,https://www.sec.gov/Archives/edgar/full-index/2015/QTR4/index.json,quarter_summary,,,available,Listing only; no body collected,
2016Q1,true,2026-10-05T23:41:06.952421+00:00,SEC-0033,https://www.sec.gov/Archives/edgar/full-index/2016/QTR1/index.json,quarter_summary,,,available,Listing only; no body collected,
2016Q2,true,2026-10-05T23:41:07.236636+00:00,SEC-0034,https://www.sec.gov/Archives/edgar/full-index/2016/QTR2/index.json,quarter_summary,,,available,Listing only; no body collected,
2016Q3,true,2026-10-05T23:41:07.597281+00:00,SEC-0035,https://www.sec.gov/Archives/edgar/full-index/2016/QTR3/index.json,quarter_summary,,,available,Listing only; no body collected,
2016Q4,true,2026-10-05T23:41:07.940333+00:00,SEC-0036,https://www.sec.gov/Archives/edgar/full-index/2016/QTR4/index.json,quarter_summary,,,available,Listing only; no body collected,
2017Q1,true,2026-10-05T23:41:08.641061+00:00,SEC-0038,https://www.sec.gov/Archives/edgar/full-index/2017/QTR1/index.json,quarter_summary,,,available,Listing only; no body collected,
2017Q2,true,2026-10-05T23:41:08.981591+00:00,SEC-0039,https://www.sec.gov/Archives/edgar/full-index/2017/QTR2/index.json,quarter_summary,,,available,Listing only; no body collected,
2017Q3,true,2026-10-05T23:41:09.361123+00:00,SEC-0040,https://www.sec.gov/Archives/edgar/full-index/2017/QTR3/index.json,quarter_summary,,,available,Listing only; no body collected,
2017Q4,true,2026-10-05T23:41:09.671169+00:00,SEC-0041,https://www.sec.gov/Archives/edgar/full-index/2017/QTR4/index.json,quarter_summary,,,available,Listing only; no body collected,
2018Q1,true,2026-10-05T23:41:10.322195+00:00,SEC-0043,https://www.sec.gov/Archives/edgar/full-index/2018/QTR1/index.json,quarter_summary,,,available,Listing only; no body collected,
2018Q2,true,2026-10-05T23:41:10.685324+00:00,SEC-0044,https://www.sec.gov/Archives/edgar/full-index/2018/QTR2/index.json,quarter_summary,,,available,Listing only; no body collected,
2018Q3,true,2026-10-05T23:41:11.022621+00:00,SEC-0045,https://www.sec.gov/Archives/edgar/full-index/2018/QTR3/index.json,quarter_summary,,,available,Listing only; no body collected,
2018Q4,true,2026-10-05T23:41:11.411868+00:00,SEC-0046,https://www.sec.gov/Archives/edgar/full-index/2018/QTR4/index.json,quarter_summary,,,available,Listing only; no body collected,
2019Q1,true,2026-10-05T23:41:12.109380+00:00,SEC-0048,https://www.sec.gov/Archives/edgar/full-index/2019/QTR1/index.json,quarter_summary,,,available,Listing only; no body collected,
2019Q2,true,2026-10-05T23:41:12.395487+00:00,SEC-0049,https://www.sec.gov/Archives/edgar/full-index/2019/QTR2/index.json,quarter_summary,,,available,Listing only; no body collected,
2019Q3,true,2026-10-05T23:41:12.782595+00:00,SEC-0050,https://www.sec.gov/Archives/edgar/full-index/2019/QTR3/index.json,quarter_summary,,,available,Listing only; no body collected,
2019Q4,true,2026-10-05T23:41:13.171596+00:00,SEC-0051,https://www.sec.gov/Archives/edgar/full-index/2019/QTR4/index.json,quarter_summary,,,available,Listing only; no body collected,
2020Q1,true,2026-10-05T23:41:13.774954+00:00,SEC-0053,https://www.sec.gov/Archives/edgar/full-index/2020/QTR1/index.json,quarter_summary,,,available,Listing only; no body collected,
2020Q2,true,2026-10-05T23:41:14.182712+00:00,SEC-0054,https://www.sec.gov/Archives/edgar/full-index/2020/QTR2/index.json,quarter_summary,,,available,Listing only; no body collected,
2020Q3,true,2026-10-05T23:41:14.565286+00:00,SEC-0055,https://www.sec.gov/Archives/edgar/full-index/2020/QTR3/index.json,quarter_summary,,,available,Listing only; no body collected,
2020Q4,true,2026-10-05T23:41:14.851990+00:00,SEC-0056,https://www.sec.gov/Archives/edgar/full-index/2020/QTR4/index.json,quarter_summary,,,available,Listing only; no body collected,
2021Q1,true,2026-10-05T23:41:15.481042+00:00,SEC-0058,https://www.sec.gov/Archives/edgar/full-index/2021/QTR1/index.json,quarter_summary,,,available,Listing only; no body collected,
2021Q2,true,2026-10-05T23:41:15.915771+00:00,SEC-0059,https://www.sec.gov/Archives/edgar/full-index/2021/QTR2/index.json,quarter_summary,,,available,Listing only; no body collected,
2021Q3,true,2026-10-05T23:41:16.418191+00:00,SEC-0060,https://www.sec.gov/Archives/edgar/full-index/2021/QTR3/index.json,quarter_summary,,,available,Listing only; no body collected,
2021Q4,true,2026-10-05T23:41:16.605403+00:00,SEC-0061,https://www.sec.gov/Archives/edgar/full-index/2021/QTR4/index.json,quarter_summary,,,available,Listing only; no body collected,
2022Q1,true,2026-10-05T23:41:17.276111+00:00,SEC-0063,https://www.sec.gov/Archives/edgar/full-index/2022/QTR1/index.json,quarter_summary,,,available,Listing only; no body collected,
2022Q2,true,2026-10-05T23:41:17.615214+00:00,SEC-0064,https://www.sec.gov/Archives/edgar/full-index/2022/QTR2/index.json,quarter_summary,,,available,Listing only; no body collected,
2022Q3,true,2026-10-05T23:41:18.047447+00:00,SEC-0065,https://www.sec.gov/Archives/edgar/full-index/2022/QTR3/index.json,quarter_summary,,,available,Listing only; no body collected,
2022Q4,true,2026-10-05T23:41:18.456269+00:00,SEC-0066,https://www.sec.gov/Archives/edgar/full-index/2022/QTR4/index.json,quarter_summary,,,available,Listing only; no body collected,
2023Q1,true,2026-10-05T23:41:19.018360+00:00,SEC-0068,https://www.sec.gov/Archives/edgar/full-index/2023/QTR1/index.json,quarter_summary,,,available,Listing only; no body collected,
2023Q2,true,2026-10-05T23:41:19.414918+00:00,SEC-0069,https://www.sec.gov/Archives/edgar/full-index/2023/QTR2/index.json,quarter_summary,,,available,Listing only; no body collected,
2023Q3,true,2026-10-05T23:41:19.684022+00:00,SEC-0070,https://www.sec.gov/Archives/edgar/full-index/2023/QTR3/index.json,quarter_summary,,,available,Listing only; no body collected,
2023Q4,true,2026-10-05T23:41:20.177307+00:00,SEC-0071,https://www.sec.gov/Archives/edgar/full-index/2023/QTR4/index.json,quarter_summary,,,available,Listing only; no body collected,
2024Q1,true,2026-10-05T23:41:20.853315+00:00,SEC-0073,https://www.sec.gov/Archives/edgar/full-index/2024/QTR1/index.json,quarter_summary,,,available,Listing only; no body collected,
2024Q2,true,2026-10-05T23:41:21.079548+00:00,SEC-0074,https://www.sec.gov/Archives/edgar/full-index/2024/QTR2/index.json,quarter_summary,,,available,Listing only; no body collected,
2024Q3,true,2026-10-05T23:41:21.438416+00:00,SEC-0075,https://www.sec.gov/Archives/edgar/full-index/2024/QTR3/index.json,quarter_summary,,,available,Listing only; no body collected,
2024Q4,true,2026-10-05T23:41:21.723103+00:00,SEC-0076,https://www.sec.gov/Archives/edgar/full-index/2024/QTR4/index.json,quarter_summary,,,available,Listing only; no body collected,
2025Q1,true,2026-10-05T23:41:22.493915+00:00,SEC-0078,https://www.sec.gov/Archives/edgar/full-index/2025/QTR1/index.json,quarter_summary,,,available,Listing only; no body collected,
2025Q2,true,2026-10-05T23:41:22.823985+00:00,SEC-0079,https://www.sec.gov/Archives/edgar/full-index/2025/QTR2/index.json,quarter_summary,,,available,Listing only; no body collected,
2025Q3,true,2026-10-05T23:41:23.234678+00:00,SEC-0080,https://www.sec.gov/Archives/edgar/full-index/2025/QTR3/index.json,quarter_summary,,,available,Listing only; no body collected,
2025Q4,true,2026-10-05T23:41:23.575002+00:00,SEC-0081,https://www.sec.gov/Archives/edgar/full-index/2025/QTR4/index.json,quarter_summary,,,available,Listing only; no body collected,
2026Q1,true,2026-10-05T23:41:24.154608+00:00,SEC-0083,https://www.sec.gov/Archives/edgar/full-index/2026/QTR1/index.json,quarter_summary,,,available,Listing only; no body collected,
2026Q2,true,2026-10-05T23:41:24.582014+00:00,SEC-0084,https://www.sec.gov/Archives/edgar/full-index/2026/QTR2/index.json,quarter_summary,,,available,Listing only; no body collected,
2026Q3,true,2026-10-05T23:41:24.845487+00:00,SEC-0085,https://www.sec.gov/Archives/edgar/full-index/2026/QTR3/index.json,quarter_summary,,,available,Listing only; no body collected,
2026Q4,true,2026-10-05T23:41:25.247626+00:00,SEC-0086,https://www.sec.gov/Archives/edgar/full-index/2026/QTR4/index.json,quarter_summary,,,available,Listing only; no body collected,
2026Q4,true,2026-10-05T23:40:55.975754+00:00,SEC-0001,https://www.sec.gov/Archives/edgar/full-index/master.Z,master.Z,281 KB,listing-declared (unit unverified),listed_source_pending,Current full-index root; relationship to year/QTR requires body comparison,
2026Q4,true,2026-10-05T23:40:55.975754+00:00,SEC-0001,https://www.sec.gov/Archives/edgar/full-index/master.gz,master.gz,179 KB,listing-declared (unit unverified),listed_source_pending,Current full-index root; relationship to year/QTR requires body comparison,
2026Q4,true,2026-10-05T23:40:55.975754+00:00,SEC-0001,https://www.sec.gov/Archives/edgar/full-index/master.idx,master.idx,1083 KB,listing-declared (unit unverified),listed_source_pending,Current full-index root; relationship to year/QTR requires body comparison,
2026Q4,true,2026-10-05T23:40:55.975754+00:00,SEC-0001,https://www.sec.gov/Archives/edgar/full-index/master.zip,master.zip,175 KB,listing-declared (unit unverified),listed_source_pending,Current full-index root; relationship to year/QTR requires body comparison,
2010Q1,false,2026-10-05T23:40:56.609478+00:00,SEC-0003,https://www.sec.gov/Archives/edgar/full-index/2010/QTR1/master.gz,master.gz,3794 KB,listing-declared (unit unverified),listed_source_pending,Observed master representation; Task 3 selects inspected alternative,
2010Q1,false,2026-10-05T23:40:56.609478+00:00,SEC-0003,https://www.sec.gov/Archives/edgar/full-index/2010/QTR1/master.idx,master.idx,26145 KB,listing-declared (unit unverified),listed_source_pending,Observed master representation; Task 3 selects inspected alternative,
2010Q1,false,2026-10-05T23:40:56.609478+00:00,SEC-0003,https://www.sec.gov/Archives/edgar/full-index/2010/QTR1/master.sit,master.sit,7392 KB,listing-declared (unit unverified),listed_source_pending,Observed master representation; Task 3 selects inspected alternative,
2010Q1,false,2026-10-05T23:40:56.609478+00:00,SEC-0003,https://www.sec.gov/Archives/edgar/full-index/2010/QTR1/master.Z,master.Z,6767 KB,listing-declared (unit unverified),listed_source_pending,Observed master representation; Task 3 selects inspected alternative,
2010Q1,false,2026-10-05T23:40:56.609478+00:00,SEC-0003,https://www.sec.gov/Archives/edgar/full-index/2010/QTR1/master.zip,master.zip,3640 KB,listing-declared (unit unverified),listed_source_pending,Observed master representation; Task 3 selects inspected alternative,
2010Q2,false,2026-10-05T23:40:56.925594+00:00,SEC-0004,https://www.sec.gov/Archives/edgar/full-index/2010/QTR2/master.gz,master.gz,3234 KB,listing-declared (unit unverified),listed_source_pending,Observed master representation; Task 3 selects inspected alternative,
2010Q2,false,2026-10-05T23:40:56.925594+00:00,SEC-0004,https://www.sec.gov/Archives/edgar/full-index/2010/QTR2/master.idx,master.idx,22221 KB,listing-declared (unit unverified),listed_source_pending,Observed master representation; Task 3 selects inspected alternative,
2010Q2,false,2026-10-05T23:40:56.925594+00:00,SEC-0004,https://www.sec.gov/Archives/edgar/full-index/2010/QTR2/master.sit,master.sit,6383 KB,listing-declared (unit unverified),listed_source_pending,Observed master representation; Task 3 selects inspected alternative,
2010Q2,false,2026-10-05T23:40:56.925594+00:00,SEC-0004,https://www.sec.gov/Archives/edgar/full-index/2010/QTR2/master.Z,master.Z,5844 KB,listing-declared (unit unverified),listed_source_pending,Observed master representation; Task 3 selects inspected alternative,
2010Q2,false,2026-10-05T23:40:56.925594+00:00,SEC-0004,https://www.sec.gov/Archives/edgar/full-index/2010/QTR2/master.zip,master.zip,3104 KB,listing-declared (unit unverified),listed_source_pending,Observed master representation; Task 3 selects inspected alternative,
2010Q3,false,2026-10-05T23:40:57.265121+00:00,SEC-0005,https://www.sec.gov/Archives/edgar/full-index/2010/QTR3/master.gz,master.gz,2706 KB,listing-declared (unit unverified),listed_source_pending,Observed master representation; Task 3 selects inspected alternative,
2010Q3,false,2026-10-05T23:40:57.265121+00:00,SEC-0005,https://www.sec.gov/Archives/edgar/full-index/2010/QTR3/master.idx,master.idx,17776 KB,listing-declared (unit unverified),listed_source_pending,Observed master representation; Task 3 selects inspected alternative,
2010Q3,false,2026-10-05T23:40:57.265121+00:00,SEC-0005,https://www.sec.gov/Archives/edgar/full-index/2010/QTR3/master.sit,master.sit,5256 KB,listing-declared (unit unverified),listed_source_pending,Observed master representation; Task 3 selects inspected alternative,
2010Q3,false,2026-10-05T23:40:57.265121+00:00,SEC-0005,https://www.sec.gov/Archives/edgar/full-index/2010/QTR3/master.Z,master.Z,4795 KB,listing-declared (unit unverified),listed_source_pending,Observed master representation; Task 3 selects inspected alternative,
2010Q3,false,2026-10-05T23:40:57.265121+00:00,SEC-0005,https://www.sec.gov/Archives/edgar/full-index/2010/QTR3/master.zip,master.zip,2605 KB,listing-declared (unit unverified),listed_source_pending,Observed master representation; Task 3 selects inspected alternative,
2010Q4,false,2026-10-05T23:40:57.687057+00:00,SEC-0006,https://www.sec.gov/Archives/edgar/full-index/2010/QTR4/master.gz,master.gz,2863 KB,listing-declared (unit unverified),listed_source_pending,Observed master representation; Task 3 selects inspected alternative,
2010Q4,false,2026-10-05T23:40:57.687057+00:00,SEC-0006,https://www.sec.gov/Archives/edgar/full-index/2010/QTR4/master.idx,master.idx,19115 KB,listing-declared (unit unverified),listed_source_pending,Observed master representation; Task 3 selects inspected alternative,
2010Q4,false,2026-10-05T23:40:57.687057+00:00,SEC-0006,https://www.sec.gov/Archives/edgar/full-index/2010/QTR4/master.sit,master.sit,5598 KB,listing-declared (unit unverified),listed_source_pending,Observed master representation; Task 3 selects inspected alternative,
2010Q4,false,2026-10-05T23:40:57.687057+00:00,SEC-0006,https://www.sec.gov/Archives/edgar/full-index/2010/QTR4/master.Z,master.Z,5130 KB,listing-declared (unit unverified),listed_source_pending,Observed master representation; Task 3 selects inspected alternative,
2010Q4,false,2026-10-05T23:40:57.687057+00:00,SEC-0006,https://www.sec.gov/Archives/edgar/full-index/2010/QTR4/master.zip,master.zip,2749 KB,listing-declared (unit unverified),listed_source_pending,Observed master representation; Task 3 selects inspected alternative,
2011Q1,false,2026-10-05T23:40:58.310870+00:00,SEC-0008,https://www.sec.gov/Archives/edgar/full-index/2011/QTR1/master.gz,master.gz,3845 KB,listing-declared (unit unverified),listed_source_pending,Observed master representation; Task 3 selects inspected alternative,
2011Q1,false,2026-10-05T23:40:58.310870+00:00,SEC-0008,https://www.sec.gov/Archives/edgar/full-index/2011/QTR1/master.idx,master.idx,26731 KB,listing-declared (unit unverified),listed_source_pending,Observed master representation; Task 3 selects inspected alternative,
2011Q1,false,2026-10-05T23:40:58.310870+00:00,SEC-0008,https://www.sec.gov/Archives/edgar/full-index/2011/QTR1/master.sit,master.sit,7531 KB,listing-declared (unit unverified),listed_source_pending,Observed master representation; Task 3 selects inspected alternative,
2011Q1,false,2026-10-05T23:40:58.310870+00:00,SEC-0008,https://www.sec.gov/Archives/edgar/full-index/2011/QTR1/master.Z,master.Z,6896 KB,listing-declared (unit unverified),listed_source_pending,Observed master representation; Task 3 selects inspected alternative,
2011Q1,false,2026-10-05T23:40:58.310870+00:00,SEC-0008,https://www.sec.gov/Archives/edgar/full-index/2011/QTR1/master.zip,master.zip,3683 KB,listing-declared (unit unverified),listed_source_pending,Observed master representation; Task 3 selects inspected alternative,
2011Q2,false,2026-10-05T23:40:58.750537+00:00,SEC-0009,https://www.sec.gov/Archives/edgar/full-index/2011/QTR2/master.gz,master.gz,3306 KB,listing-declared (unit unverified),listed_source_pending,Observed master representation; Task 3 selects inspected alternative,
2011Q2,false,2026-10-05T23:40:58.750537+00:00,SEC-0009,https://www.sec.gov/Archives/edgar/full-index/2011/QTR2/master.idx,master.idx,22862 KB,listing-declared (unit unverified),listed_source_pending,Observed master representation; Task 3 selects inspected alternative,
2011Q2,false,2026-10-05T23:40:58.750537+00:00,SEC-0009,https://www.sec.gov/Archives/edgar/full-index/2011/QTR2/master.sit,master.sit,6581 KB,listing-declared (unit unverified),listed_source_pending,Observed master representation; Task 3 selects inspected alternative,
2011Q2,false,2026-10-05T23:40:58.750537+00:00,SEC-0009,https://www.sec.gov/Archives/edgar/full-index/2011/QTR2/master.Z,master.Z,6028 KB,listing-declared (unit unverified),listed_source_pending,Observed master representation; Task 3 selects inspected alternative,
2011Q2,false,2026-10-05T23:40:58.750537+00:00,SEC-0009,https://www.sec.gov/Archives/edgar/full-index/2011/QTR2/master.zip,master.zip,3171 KB,listing-declared (unit unverified),listed_source_pending,Observed master representation; Task 3 selects inspected alternative,
2011Q3,false,2026-10-05T23:40:59.004827+00:00,SEC-0010,https://www.sec.gov/Archives/edgar/full-index/2011/QTR3/master.gz,master.gz,2739 KB,listing-declared (unit unverified),listed_source_pending,Observed master representation; Task 3 selects inspected alternative,
2011Q3,false,2026-10-05T23:40:59.004827+00:00,SEC-0010,https://www.sec.gov/Archives/edgar/full-index/2011/QTR3/master.idx,master.idx,18101 KB,listing-declared (unit unverified),listed_source_pending,Observed master representation; Task 3 selects inspected alternative,
2011Q3,false,2026-10-05T23:40:59.004827+00:00,SEC-0010,https://www.sec.gov/Archives/edgar/full-index/2011/QTR3/master.sit,master.sit,5347 KB,listing-declared (unit unverified),listed_source_pending,Observed master representation; Task 3 selects inspected alternative,
2011Q3,false,2026-10-05T23:40:59.004827+00:00,SEC-0010,https://www.sec.gov/Archives/edgar/full-index/2011/QTR3/master.Z,master.Z,4892 KB,listing-declared (unit unverified),listed_source_pending,Observed master representation; Task 3 selects inspected alternative,
2011Q3,false,2026-10-05T23:40:59.004827+00:00,SEC-0010,https://www.sec.gov/Archives/edgar/full-index/2011/QTR3/master.zip,master.zip,2634 KB,listing-declared (unit unverified),listed_source_pending,Observed master representation; Task 3 selects inspected alternative,
2011Q4,false,2026-10-05T23:40:59.360332+00:00,SEC-0011,https://www.sec.gov/Archives/edgar/full-index/2011/QTR4/master.gz,master.gz,2679 KB,listing-declared (unit unverified),listed_source_pending,Observed master representation; Task 3 selects inspected alternative,
2011Q4,false,2026-10-05T23:40:59.360332+00:00,SEC-0011,https://www.sec.gov/Archives/edgar/full-index/2011/QTR4/master.idx,master.idx,17652 KB,listing-declared (unit unverified),listed_source_pending,Observed master representation; Task 3 selects inspected alternative,
2011Q4,false,2026-10-05T23:40:59.360332+00:00,SEC-0011,https://www.sec.gov/Archives/edgar/full-index/2011/QTR4/master.sit,master.sit,5202 KB,listing-declared (unit unverified),listed_source_pending,Observed master representation; Task 3 selects inspected alternative,
2011Q4,false,2026-10-05T23:40:59.360332+00:00,SEC-0011,https://www.sec.gov/Archives/edgar/full-index/2011/QTR4/master.Z,master.Z,4769 KB,listing-declared (unit unverified),listed_source_pending,Observed master representation; Task 3 selects inspected alternative,
2011Q4,false,2026-10-05T23:40:59.360332+00:00,SEC-0011,https://www.sec.gov/Archives/edgar/full-index/2011/QTR4/master.zip,master.zip,2575 KB,listing-declared (unit unverified),listed_source_pending,Observed master representation; Task 3 selects inspected alternative,
2012Q1,false,2026-10-05T23:41:00.030613+00:00,SEC-0013,https://www.sec.gov/Archives/edgar/full-index/2012/QTR1/master.gz,master.gz,3870 KB,listing-declared (unit unverified),listed_source_pending,Observed master representation; Task 3 selects inspected alternative,
2012Q1,false,2026-10-05T23:41:00.030613+00:00,SEC-0013,https://www.sec.gov/Archives/edgar/full-index/2012/QTR1/master.idx,master.idx,26905 KB,listing-declared (unit unverified),listed_source_pending,Observed master representation; Task 3 selects inspected alternative,
2012Q1,false,2026-10-05T23:41:00.030613+00:00,SEC-0013,https://www.sec.gov/Archives/edgar/full-index/2012/QTR1/master.sit,master.sit,7566 KB,listing-declared (unit unverified),listed_source_pending,Observed master representation; Task 3 selects inspected alternative,
2012Q1,false,2026-10-05T23:41:00.030613+00:00,SEC-0013,https://www.sec.gov/Archives/edgar/full-index/2012/QTR1/master.Z,master.Z,6936 KB,listing-declared (unit unverified),listed_source_pending,Observed master representation; Task 3 selects inspected alternative,
2012Q1,false,2026-10-05T23:41:00.030613+00:00,SEC-0013,https://www.sec.gov/Archives/edgar/full-index/2012/QTR1/master.zip,master.zip,3705 KB,listing-declared (unit unverified),listed_source_pending,Observed master representation; Task 3 selects inspected alternative,
2012Q2,false,2026-10-05T23:41:00.365071+00:00,SEC-0014,https://www.sec.gov/Archives/edgar/full-index/2012/QTR2/master.gz,master.gz,3159 KB,listing-declared (unit unverified),listed_source_pending,Observed master representation; Task 3 selects inspected alternative,
2012Q2,false,2026-10-05T23:41:00.365071+00:00,SEC-0014,https://www.sec.gov/Archives/edgar/full-index/2012/QTR2/master.idx,master.idx,21484 KB,listing-declared (unit unverified),listed_source_pending,Observed master representation; Task 3 selects inspected alternative,
2012Q2,false,2026-10-05T23:41:00.365071+00:00,SEC-0014,https://www.sec.gov/Archives/edgar/full-index/2012/QTR2/master.sit,master.sit,6208 KB,listing-declared (unit unverified),listed_source_pending,Observed master representation; Task 3 selects inspected alternative,
2012Q2,false,2026-10-05T23:41:00.365071+00:00,SEC-0014,https://www.sec.gov/Archives/edgar/full-index/2012/QTR2/master.Z,master.Z,5693 KB,listing-declared (unit unverified),listed_source_pending,Observed master representation; Task 3 selects inspected alternative,
2012Q2,false,2026-10-05T23:41:00.365071+00:00,SEC-0014,https://www.sec.gov/Archives/edgar/full-index/2012/QTR2/master.zip,master.zip,3030 KB,listing-declared (unit unverified),listed_source_pending,Observed master representation; Task 3 selects inspected alternative,
2012Q3,false,2026-10-05T23:41:00.728943+00:00,SEC-0015,https://www.sec.gov/Archives/edgar/full-index/2012/QTR3/master.gz,master.gz,2704 KB,listing-declared (unit unverified),listed_source_pending,Observed master representation; Task 3 selects inspected alternative,
2012Q3,false,2026-10-05T23:41:00.728943+00:00,SEC-0015,https://www.sec.gov/Archives/edgar/full-index/2012/QTR3/master.idx,master.idx,17788 KB,listing-declared (unit unverified),listed_source_pending,Observed master representation; Task 3 selects inspected alternative,
2012Q3,false,2026-10-05T23:41:00.728943+00:00,SEC-0015,https://www.sec.gov/Archives/edgar/full-index/2012/QTR3/master.sit,master.sit,5264 KB,listing-declared (unit unverified),listed_source_pending,Observed master representation; Task 3 selects inspected alternative,
2012Q3,false,2026-10-05T23:41:00.728943+00:00,SEC-0015,https://www.sec.gov/Archives/edgar/full-index/2012/QTR3/master.Z,master.Z,4826 KB,listing-declared (unit unverified),listed_source_pending,Observed master representation; Task 3 selects inspected alternative,
2012Q3,false,2026-10-05T23:41:00.728943+00:00,SEC-0015,https://www.sec.gov/Archives/edgar/full-index/2012/QTR3/master.zip,master.zip,2601 KB,listing-declared (unit unverified),listed_source_pending,Observed master representation; Task 3 selects inspected alternative,
2012Q4,false,2026-10-05T23:41:01.064048+00:00,SEC-0016,https://www.sec.gov/Archives/edgar/full-index/2012/QTR4/master.gz,master.gz,2801 KB,listing-declared (unit unverified),listed_source_pending,Observed master representation; Task 3 selects inspected alternative,
2012Q4,false,2026-10-05T23:41:01.064048+00:00,SEC-0016,https://www.sec.gov/Archives/edgar/full-index/2012/QTR4/master.idx,master.idx,18712 KB,listing-declared (unit unverified),listed_source_pending,Observed master representation; Task 3 selects inspected alternative,
2012Q4,false,2026-10-05T23:41:01.064048+00:00,SEC-0016,https://www.sec.gov/Archives/edgar/full-index/2012/QTR4/master.sit,master.sit,5486 KB,listing-declared (unit unverified),listed_source_pending,Observed master representation; Task 3 selects inspected alternative,
2012Q4,false,2026-10-05T23:41:01.064048+00:00,SEC-0016,https://www.sec.gov/Archives/edgar/full-index/2012/QTR4/master.Z,master.Z,5030 KB,listing-declared (unit unverified),listed_source_pending,Observed master representation; Task 3 selects inspected alternative,
2012Q4,false,2026-10-05T23:41:01.064048+00:00,SEC-0016,https://www.sec.gov/Archives/edgar/full-index/2012/QTR4/master.zip,master.zip,2690 KB,listing-declared (unit unverified),listed_source_pending,Observed master representation; Task 3 selects inspected alternative,
2013Q1,false,2026-10-05T23:41:01.772236+00:00,SEC-0018,https://www.sec.gov/Archives/edgar/full-index/2013/QTR1/master.gz,master.gz,3794 KB,listing-declared (unit unverified),listed_source_pending,Observed master representation; Task 3 selects inspected alternative,
2013Q1,false,2026-10-05T23:41:01.772236+00:00,SEC-0018,https://www.sec.gov/Archives/edgar/full-index/2013/QTR1/master.idx,master.idx,26408 KB,listing-declared (unit unverified),listed_source_pending,Observed master representation; Task 3 selects inspected alternative,
2013Q1,false,2026-10-05T23:41:01.772236+00:00,SEC-0018,https://www.sec.gov/Archives/edgar/full-index/2013/QTR1/master.sit,master.sit,7404 KB,listing-declared (unit unverified),listed_source_pending,Observed master representation; Task 3 selects inspected alternative,
2013Q1,false,2026-10-05T23:41:01.772236+00:00,SEC-0018,https://www.sec.gov/Archives/edgar/full-index/2013/QTR1/master.Z,master.Z,6797 KB,listing-declared (unit unverified),listed_source_pending,Observed master representation; Task 3 selects inspected alternative,
2013Q1,false,2026-10-05T23:41:01.772236+00:00,SEC-0018,https://www.sec.gov/Archives/edgar/full-index/2013/QTR1/master.zip,master.zip,3630 KB,listing-declared (unit unverified),listed_source_pending,Observed master representation; Task 3 selects inspected alternative,
2013Q2,false,2026-10-05T23:41:02.083551+00:00,SEC-0019,https://www.sec.gov/Archives/edgar/full-index/2013/QTR2/master.gz,master.gz,3293 KB,listing-declared (unit unverified),listed_source_pending,Observed master representation; Task 3 selects inspected alternative,
2013Q2,false,2026-10-05T23:41:02.083551+00:00,SEC-0019,https://www.sec.gov/Archives/edgar/full-index/2013/QTR2/master.idx,master.idx,22388 KB,listing-declared (unit unverified),listed_source_pending,Observed master representation; Task 3 selects inspected alternative,
2013Q2,false,2026-10-05T23:41:02.083551+00:00,SEC-0019,https://www.sec.gov/Archives/edgar/full-index/2013/QTR2/master.sit,master.sit,6480 KB,listing-declared (unit unverified),listed_source_pending,Observed master representation; Task 3 selects inspected alternative,
2013Q2,false,2026-10-05T23:41:02.083551+00:00,SEC-0019,https://www.sec.gov/Archives/edgar/full-index/2013/QTR2/master.Z,master.Z,5945 KB,listing-declared (unit unverified),listed_source_pending,Observed master representation; Task 3 selects inspected alternative,
2013Q2,false,2026-10-05T23:41:02.083551+00:00,SEC-0019,https://www.sec.gov/Archives/edgar/full-index/2013/QTR2/master.zip,master.zip,3154 KB,listing-declared (unit unverified),listed_source_pending,Observed master representation; Task 3 selects inspected alternative,
2013Q3,false,2026-10-05T23:41:02.464353+00:00,SEC-0020,https://www.sec.gov/Archives/edgar/full-index/2013/QTR3/master.gz,master.gz,2807 KB,listing-declared (unit unverified),listed_source_pending,Observed master representation; Task 3 selects inspected alternative,
2013Q3,false,2026-10-05T23:41:02.464353+00:00,SEC-0020,https://www.sec.gov/Archives/edgar/full-index/2013/QTR3/master.idx,master.idx,18644 KB,listing-declared (unit unverified),listed_source_pending,Observed master representation; Task 3 selects inspected alternative,
2013Q3,false,2026-10-05T23:41:02.464353+00:00,SEC-0020,https://www.sec.gov/Archives/edgar/full-index/2013/QTR3/master.sit,master.sit,5508 KB,listing-declared (unit unverified),listed_source_pending,Observed master representation; Task 3 selects inspected alternative,
2013Q3,false,2026-10-05T23:41:02.464353+00:00,SEC-0020,https://www.sec.gov/Archives/edgar/full-index/2013/QTR3/master.Z,master.Z,5037 KB,listing-declared (unit unverified),listed_source_pending,Observed master representation; Task 3 selects inspected alternative,
2013Q3,false,2026-10-05T23:41:02.464353+00:00,SEC-0020,https://www.sec.gov/Archives/edgar/full-index/2013/QTR3/master.zip,master.zip,2700 KB,listing-declared (unit unverified),listed_source_pending,Observed master representation; Task 3 selects inspected alternative,
2013Q4,false,2026-10-05T23:41:02.827441+00:00,SEC-0021,https://www.sec.gov/Archives/edgar/full-index/2013/QTR4/master.gz,master.gz,2841 KB,listing-declared (unit unverified),listed_source_pending,Observed master representation; Task 3 selects inspected alternative,
2013Q4,false,2026-10-05T23:41:02.827441+00:00,SEC-0021,https://www.sec.gov/Archives/edgar/full-index/2013/QTR4/master.idx,master.idx,18872 KB,listing-declared (unit unverified),listed_source_pending,Observed master representation; Task 3 selects inspected alternative,
2013Q4,false,2026-10-05T23:41:02.827441+00:00,SEC-0021,https://www.sec.gov/Archives/edgar/full-index/2013/QTR4/master.sit,master.sit,5550 KB,listing-declared (unit unverified),listed_source_pending,Observed master representation; Task 3 selects inspected alternative,
2013Q4,false,2026-10-05T23:41:02.827441+00:00,SEC-0021,https://www.sec.gov/Archives/edgar/full-index/2013/QTR4/master.Z,master.Z,5089 KB,listing-declared (unit unverified),listed_source_pending,Observed master representation; Task 3 selects inspected alternative,
2013Q4,false,2026-10-05T23:41:02.827441+00:00,SEC-0021,https://www.sec.gov/Archives/edgar/full-index/2013/QTR4/master.zip,master.zip,2731 KB,listing-declared (unit unverified),listed_source_pending,Observed master representation; Task 3 selects inspected alternative,
2014Q1,false,2026-10-05T23:41:03.483057+00:00,SEC-0023,https://www.sec.gov/Archives/edgar/full-index/2014/QTR1/master.gz,master.gz,3883 KB,listing-declared (unit unverified),listed_source_pending,Observed master representation; Task 3 selects inspected alternative,
2014Q1,false,2026-10-05T23:41:03.483057+00:00,SEC-0023,https://www.sec.gov/Archives/edgar/full-index/2014/QTR1/master.idx,master.idx,27077 KB,listing-declared (unit unverified),listed_source_pending,Observed master representation; Task 3 selects inspected alternative,
2014Q1,false,2026-10-05T23:41:03.483057+00:00,SEC-0023,https://www.sec.gov/Archives/edgar/full-index/2014/QTR1/master.sit,master.sit,7600 KB,listing-declared (unit unverified),listed_source_pending,Observed master representation; Task 3 selects inspected alternative,
2014Q1,false,2026-10-05T23:41:03.483057+00:00,SEC-0023,https://www.sec.gov/Archives/edgar/full-index/2014/QTR1/master.Z,master.Z,6969 KB,listing-declared (unit unverified),listed_source_pending,Observed master representation; Task 3 selects inspected alternative,
2014Q1,false,2026-10-05T23:41:03.483057+00:00,SEC-0023,https://www.sec.gov/Archives/edgar/full-index/2014/QTR1/master.zip,master.zip,3716 KB,listing-declared (unit unverified),listed_source_pending,Observed master representation; Task 3 selects inspected alternative,
2014Q2,false,2026-10-05T23:41:03.841789+00:00,SEC-0024,https://www.sec.gov/Archives/edgar/full-index/2014/QTR2/master.gz,master.gz,3230 KB,listing-declared (unit unverified),listed_source_pending,Observed master representation; Task 3 selects inspected alternative,
2014Q2,false,2026-10-05T23:41:03.841789+00:00,SEC-0024,https://www.sec.gov/Archives/edgar/full-index/2014/QTR2/master.idx,master.idx,21802 KB,listing-declared (unit unverified),listed_source_pending,Observed master representation; Task 3 selects inspected alternative,
2014Q2,false,2026-10-05T23:41:03.841789+00:00,SEC-0024,https://www.sec.gov/Archives/edgar/full-index/2014/QTR2/master.sit,master.sit,6325 KB,listing-declared (unit unverified),listed_source_pending,Observed master representation; Task 3 selects inspected alternative,
2014Q2,false,2026-10-05T23:41:03.841789+00:00,SEC-0024,https://www.sec.gov/Archives/edgar/full-index/2014/QTR2/master.Z,master.Z,5808 KB,listing-declared (unit unverified),listed_source_pending,Observed master representation; Task 3 selects inspected alternative,
2014Q2,false,2026-10-05T23:41:03.841789+00:00,SEC-0024,https://www.sec.gov/Archives/edgar/full-index/2014/QTR2/master.zip,master.zip,3097 KB,listing-declared (unit unverified),listed_source_pending,Observed master representation; Task 3 selects inspected alternative,
2014Q3,false,2026-10-05T23:41:04.209792+00:00,SEC-0025,https://www.sec.gov/Archives/edgar/full-index/2014/QTR3/master.gz,master.gz,2365 KB,listing-declared (unit unverified),listed_source_pending,Observed master representation; Task 3 selects inspected alternative,
2014Q3,false,2026-10-05T23:41:04.209792+00:00,SEC-0025,https://www.sec.gov/Archives/edgar/full-index/2014/QTR3/master.idx,master.idx,14977 KB,listing-declared (unit unverified),listed_source_pending,Observed master representation; Task 3 selects inspected alternative,
2014Q3,false,2026-10-05T23:41:04.209792+00:00,SEC-0025,https://www.sec.gov/Archives/edgar/full-index/2014/QTR3/master.sit,master.sit,4507 KB,listing-declared (unit unverified),listed_source_pending,Observed master representation; Task 3 selects inspected alternative,
2014Q3,false,2026-10-05T23:41:04.209792+00:00,SEC-0025,https://www.sec.gov/Archives/edgar/full-index/2014/QTR3/master.Z,master.Z,4126 KB,listing-declared (unit unverified),listed_source_pending,Observed master representation; Task 3 selects inspected alternative,
2014Q3,false,2026-10-05T23:41:04.209792+00:00,SEC-0025,https://www.sec.gov/Archives/edgar/full-index/2014/QTR3/master.zip,master.zip,2282 KB,listing-declared (unit unverified),listed_source_pending,Observed master representation; Task 3 selects inspected alternative,
2014Q4,false,2026-10-05T23:41:04.511752+00:00,SEC-0026,https://www.sec.gov/Archives/edgar/full-index/2014/QTR4/master.gz,master.gz,549 KB,listing-declared (unit unverified),listed_source_pending,Observed master representation; Task 3 selects inspected alternative,
2014Q4,false,2026-10-05T23:41:04.511752+00:00,SEC-0026,https://www.sec.gov/Archives/edgar/full-index/2014/QTR4/master.idx,master.idx,2924 KB,listing-declared (unit unverified),listed_source_pending,Observed master representation; Task 3 selects inspected alternative,
2014Q4,false,2026-10-05T23:41:04.511752+00:00,SEC-0026,https://www.sec.gov/Archives/edgar/full-index/2014/QTR4/master.Z,master.Z,848 KB,listing-declared (unit unverified),listed_source_pending,Observed master representation; Task 3 selects inspected alternative,
2014Q4,false,2026-10-05T23:41:04.511752+00:00,SEC-0026,https://www.sec.gov/Archives/edgar/full-index/2014/QTR4/master.zip,master.zip,537 KB,listing-declared (unit unverified),listed_source_pending,Observed master representation; Task 3 selects inspected alternative,
2015Q1,true,2026-10-05T23:41:05.244287+00:00,SEC-0028,https://www.sec.gov/Archives/edgar/full-index/2015/QTR1/master.gz,master.gz,3915 KB,listing-declared (unit unverified),listed_source_pending,Observed master representation; Task 3 selects inspected alternative,
2015Q1,true,2026-10-05T23:41:05.244287+00:00,SEC-0028,https://www.sec.gov/Archives/edgar/full-index/2015/QTR1/master.idx,master.idx,27214 KB,listing-declared (unit unverified),listed_source_pending,Observed master representation; Task 3 selects inspected alternative,
2015Q1,true,2026-10-05T23:41:05.244287+00:00,SEC-0028,https://www.sec.gov/Archives/edgar/full-index/2015/QTR1/master.Z,master.Z,7107 KB,listing-declared (unit unverified),listed_source_pending,Observed master representation; Task 3 selects inspected alternative,
2015Q1,true,2026-10-05T23:41:05.244287+00:00,SEC-0028,https://www.sec.gov/Archives/edgar/full-index/2015/QTR1/master.zip,master.zip,3749 KB,listing-declared (unit unverified),listed_source_pending,Observed master representation; Task 3 selects inspected alternative,
2015Q2,true,2026-10-05T23:41:05.682267+00:00,SEC-0029,https://www.sec.gov/Archives/edgar/full-index/2015/QTR2/master.gz,master.gz,3296 KB,listing-declared (unit unverified),listed_source_pending,Observed master representation; Task 3 selects inspected alternative,
2015Q2,true,2026-10-05T23:41:05.682267+00:00,SEC-0029,https://www.sec.gov/Archives/edgar/full-index/2015/QTR2/master.idx,master.idx,22022 KB,listing-declared (unit unverified),listed_source_pending,Observed master representation; Task 3 selects inspected alternative,
2015Q2,true,2026-10-05T23:41:05.682267+00:00,SEC-0029,https://www.sec.gov/Archives/edgar/full-index/2015/QTR2/master.Z,master.Z,5977 KB,listing-declared (unit unverified),listed_source_pending,Observed master representation; Task 3 selects inspected alternative,
2015Q2,true,2026-10-05T23:41:05.682267+00:00,SEC-0029,https://www.sec.gov/Archives/edgar/full-index/2015/QTR2/master.zip,master.zip,3163 KB,listing-declared (unit unverified),listed_source_pending,Observed master representation; Task 3 selects inspected alternative,
2015Q3,true,2026-10-05T23:41:05.916888+00:00,SEC-0030,https://www.sec.gov/Archives/edgar/full-index/2015/QTR3/master.gz,master.gz,2711 KB,listing-declared (unit unverified),listed_source_pending,Observed master representation; Task 3 selects inspected alternative,
2015Q3,true,2026-10-05T23:41:05.916888+00:00,SEC-0030,https://www.sec.gov/Archives/edgar/full-index/2015/QTR3/master.idx,master.idx,17583 KB,listing-declared (unit unverified),listed_source_pending,Observed master representation; Task 3 selects inspected alternative,
2015Q3,true,2026-10-05T23:41:05.916888+00:00,SEC-0030,https://www.sec.gov/Archives/edgar/full-index/2015/QTR3/master.Z,master.Z,4847 KB,listing-declared (unit unverified),listed_source_pending,Observed master representation; Task 3 selects inspected alternative,
2015Q3,true,2026-10-05T23:41:05.916888+00:00,SEC-0030,https://www.sec.gov/Archives/edgar/full-index/2015/QTR3/master.zip,master.zip,2609 KB,listing-declared (unit unverified),listed_source_pending,Observed master representation; Task 3 selects inspected alternative,
2015Q4,true,2026-10-05T23:41:06.271985+00:00,SEC-0031,https://www.sec.gov/Archives/edgar/full-index/2015/QTR4/master.gz,master.gz,2743 KB,listing-declared (unit unverified),listed_source_pending,Observed master representation; Task 3 selects inspected alternative,
2015Q4,true,2026-10-05T23:41:06.271985+00:00,SEC-0031,https://www.sec.gov/Archives/edgar/full-index/2015/QTR4/master.idx,master.idx,17912 KB,listing-declared (unit unverified),listed_source_pending,Observed master representation; Task 3 selects inspected alternative,
2015Q4,true,2026-10-05T23:41:06.271985+00:00,SEC-0031,https://www.sec.gov/Archives/edgar/full-index/2015/QTR4/master.Z,master.Z,4916 KB,listing-declared (unit unverified),listed_source_pending,Observed master representation; Task 3 selects inspected alternative,
2015Q4,true,2026-10-05T23:41:06.271985+00:00,SEC-0031,https://www.sec.gov/Archives/edgar/full-index/2015/QTR4/master.zip,master.zip,2638 KB,listing-declared (unit unverified),listed_source_pending,Observed master representation; Task 3 selects inspected alternative,
2016Q1,true,2026-10-05T23:41:06.952421+00:00,SEC-0033,https://www.sec.gov/Archives/edgar/full-index/2016/QTR1/master.gz,master.gz,3935 KB,listing-declared (unit unverified),listed_source_pending,Observed master representation; Task 3 selects inspected alternative,
2016Q1,true,2026-10-05T23:41:06.952421+00:00,SEC-0033,https://www.sec.gov/Archives/edgar/full-index/2016/QTR1/master.idx,master.idx,27004 KB,listing-declared (unit unverified),listed_source_pending,Observed master representation; Task 3 selects inspected alternative,
2016Q1,true,2026-10-05T23:41:06.952421+00:00,SEC-0033,https://www.sec.gov/Archives/edgar/full-index/2016/QTR1/master.Z,master.Z,7163 KB,listing-declared (unit unverified),listed_source_pending,Observed master representation; Task 3 selects inspected alternative,
2016Q1,true,2026-10-05T23:41:06.952421+00:00,SEC-0033,https://www.sec.gov/Archives/edgar/full-index/2016/QTR1/master.zip,master.zip,3766 KB,listing-declared (unit unverified),listed_source_pending,Observed master representation; Task 3 selects inspected alternative,
2016Q2,true,2026-10-05T23:41:07.236636+00:00,SEC-0034,https://www.sec.gov/Archives/edgar/full-index/2016/QTR2/master.gz,master.gz,3094 KB,listing-declared (unit unverified),listed_source_pending,Observed master representation; Task 3 selects inspected alternative,
2016Q2,true,2026-10-05T23:41:07.236636+00:00,SEC-0034,https://www.sec.gov/Archives/edgar/full-index/2016/QTR2/master.idx,master.idx,20467 KB,listing-declared (unit unverified),listed_source_pending,Observed master representation; Task 3 selects inspected alternative,
2016Q2,true,2026-10-05T23:41:07.236636+00:00,SEC-0034,https://www.sec.gov/Archives/edgar/full-index/2016/QTR2/master.Z,master.Z,5608 KB,listing-declared (unit unverified),listed_source_pending,Observed master representation; Task 3 selects inspected alternative,
2016Q2,true,2026-10-05T23:41:07.236636+00:00,SEC-0034,https://www.sec.gov/Archives/edgar/full-index/2016/QTR2/master.zip,master.zip,2967 KB,listing-declared (unit unverified),listed_source_pending,Observed master representation; Task 3 selects inspected alternative,
2016Q3,true,2026-10-05T23:41:07.597281+00:00,SEC-0035,https://www.sec.gov/Archives/edgar/full-index/2016/QTR3/master.gz,master.gz,2671 KB,listing-declared (unit unverified),listed_source_pending,Observed master representation; Task 3 selects inspected alternative,
2016Q3,true,2026-10-05T23:41:07.597281+00:00,SEC-0035,https://www.sec.gov/Archives/edgar/full-index/2016/QTR3/master.idx,master.idx,17272 KB,listing-declared (unit unverified),listed_source_pending,Observed master representation; Task 3 selects inspected alternative,
2016Q3,true,2026-10-05T23:41:07.597281+00:00,SEC-0035,https://www.sec.gov/Archives/edgar/full-index/2016/QTR3/master.Z,master.Z,4770 KB,listing-declared (unit unverified),listed_source_pending,Observed master representation; Task 3 selects inspected alternative,
2016Q3,true,2026-10-05T23:41:07.597281+00:00,SEC-0035,https://www.sec.gov/Archives/edgar/full-index/2016/QTR3/master.zip,master.zip,2568 KB,listing-declared (unit unverified),listed_source_pending,Observed master representation; Task 3 selects inspected alternative,
2016Q4,true,2026-10-05T23:41:07.940333+00:00,SEC-0036,https://www.sec.gov/Archives/edgar/full-index/2016/QTR4/master.gz,master.gz,2611 KB,listing-declared (unit unverified),listed_source_pending,Observed master representation; Task 3 selects inspected alternative,
2016Q4,true,2026-10-05T23:41:07.940333+00:00,SEC-0036,https://www.sec.gov/Archives/edgar/full-index/2016/QTR4/master.idx,master.idx,16960 KB,listing-declared (unit unverified),listed_source_pending,Observed master representation; Task 3 selects inspected alternative,
2016Q4,true,2026-10-05T23:41:07.940333+00:00,SEC-0036,https://www.sec.gov/Archives/edgar/full-index/2016/QTR4/master.Z,master.Z,4653 KB,listing-declared (unit unverified),listed_source_pending,Observed master representation; Task 3 selects inspected alternative,
2016Q4,true,2026-10-05T23:41:07.940333+00:00,SEC-0036,https://www.sec.gov/Archives/edgar/full-index/2016/QTR4/master.zip,master.zip,2510 KB,listing-declared (unit unverified),listed_source_pending,Observed master representation; Task 3 selects inspected alternative,
2017Q1,true,2026-10-05T23:41:08.641061+00:00,SEC-0038,https://www.sec.gov/Archives/edgar/full-index/2017/QTR1/master.gz,master.gz,3851 KB,listing-declared (unit unverified),listed_source_pending,Observed master representation; Task 3 selects inspected alternative,
2017Q1,true,2026-10-05T23:41:08.641061+00:00,SEC-0038,https://www.sec.gov/Archives/edgar/full-index/2017/QTR1/master.idx,master.idx,26803 KB,listing-declared (unit unverified),listed_source_pending,Observed master representation; Task 3 selects inspected alternative,
2017Q1,true,2026-10-05T23:41:08.641061+00:00,SEC-0038,https://www.sec.gov/Archives/edgar/full-index/2017/QTR1/master.Z,master.Z,7014 KB,listing-declared (unit unverified),listed_source_pending,Observed master representation; Task 3 selects inspected alternative,
2017Q1,true,2026-10-05T23:41:08.641061+00:00,SEC-0038,https://www.sec.gov/Archives/edgar/full-index/2017/QTR1/master.zip,master.zip,3682 KB,listing-declared (unit unverified),listed_source_pending,Observed master representation; Task 3 selects inspected alternative,
2017Q2,true,2026-10-05T23:41:08.981591+00:00,SEC-0039,https://www.sec.gov/Archives/edgar/full-index/2017/QTR2/master.gz,master.gz,3231 KB,listing-declared (unit unverified),listed_source_pending,Observed master representation; Task 3 selects inspected alternative,
2017Q2,true,2026-10-05T23:41:08.981591+00:00,SEC-0039,https://www.sec.gov/Archives/edgar/full-index/2017/QTR2/master.idx,master.idx,21916 KB,listing-declared (unit unverified),listed_source_pending,Observed master representation; Task 3 selects inspected alternative,
2017Q2,true,2026-10-05T23:41:08.981591+00:00,SEC-0039,https://www.sec.gov/Archives/edgar/full-index/2017/QTR2/master.Z,master.Z,5866 KB,listing-declared (unit unverified),listed_source_pending,Observed master representation; Task 3 selects inspected alternative,
2017Q2,true,2026-10-05T23:41:08.981591+00:00,SEC-0039,https://www.sec.gov/Archives/edgar/full-index/2017/QTR2/master.zip,master.zip,3095 KB,listing-declared (unit unverified),listed_source_pending,Observed master representation; Task 3 selects inspected alternative,
2017Q3,true,2026-10-05T23:41:09.361123+00:00,SEC-0040,https://www.sec.gov/Archives/edgar/full-index/2017/QTR3/master.gz,master.gz,2636 KB,listing-declared (unit unverified),listed_source_pending,Observed master representation; Task 3 selects inspected alternative,
2017Q3,true,2026-10-05T23:41:09.361123+00:00,SEC-0040,https://www.sec.gov/Archives/edgar/full-index/2017/QTR3/master.idx,master.idx,17128 KB,listing-declared (unit unverified),listed_source_pending,Observed master representation; Task 3 selects inspected alternative,
2017Q3,true,2026-10-05T23:41:09.361123+00:00,SEC-0040,https://www.sec.gov/Archives/edgar/full-index/2017/QTR3/master.Z,master.Z,4664 KB,listing-declared (unit unverified),listed_source_pending,Observed master representation; Task 3 selects inspected alternative,
2017Q3,true,2026-10-05T23:41:09.361123+00:00,SEC-0040,https://www.sec.gov/Archives/edgar/full-index/2017/QTR3/master.zip,master.zip,2535 KB,listing-declared (unit unverified),listed_source_pending,Observed master representation; Task 3 selects inspected alternative,
2017Q4,true,2026-10-05T23:41:09.671169+00:00,SEC-0041,https://www.sec.gov/Archives/edgar/full-index/2017/QTR4/master.gz,master.gz,2672 KB,listing-declared (unit unverified),listed_source_pending,Observed master representation; Task 3 selects inspected alternative,
2017Q4,true,2026-10-05T23:41:09.671169+00:00,SEC-0041,https://www.sec.gov/Archives/edgar/full-index/2017/QTR4/master.idx,master.idx,17500 KB,listing-declared (unit unverified),listed_source_pending,Observed master representation; Task 3 selects inspected alternative,
2017Q4,true,2026-10-05T23:41:09.671169+00:00,SEC-0041,https://www.sec.gov/Archives/edgar/full-index/2017/QTR4/master.Z,master.Z,4746 KB,listing-declared (unit unverified),listed_source_pending,Observed master representation; Task 3 selects inspected alternative,
2017Q4,true,2026-10-05T23:41:09.671169+00:00,SEC-0041,https://www.sec.gov/Archives/edgar/full-index/2017/QTR4/master.zip,master.zip,2568 KB,listing-declared (unit unverified),listed_source_pending,Observed master representation; Task 3 selects inspected alternative,
2018Q1,true,2026-10-05T23:41:10.322195+00:00,SEC-0043,https://www.sec.gov/Archives/edgar/full-index/2018/QTR1/master.gz,master.gz,3743 KB,listing-declared (unit unverified),listed_source_pending,Observed master representation; Task 3 selects inspected alternative,
2018Q1,true,2026-10-05T23:41:10.322195+00:00,SEC-0043,https://www.sec.gov/Archives/edgar/full-index/2018/QTR1/master.idx,master.idx,26186 KB,listing-declared (unit unverified),listed_source_pending,Observed master representation; Task 3 selects inspected alternative,
2018Q1,true,2026-10-05T23:41:10.322195+00:00,SEC-0043,https://www.sec.gov/Archives/edgar/full-index/2018/QTR1/master.Z,master.Z,6778 KB,listing-declared (unit unverified),listed_source_pending,Observed master representation; Task 3 selects inspected alternative,
2018Q1,true,2026-10-05T23:41:10.322195+00:00,SEC-0043,https://www.sec.gov/Archives/edgar/full-index/2018/QTR1/master.zip,master.zip,3578 KB,listing-declared (unit unverified),listed_source_pending,Observed master representation; Task 3 selects inspected alternative,
2018Q2,true,2026-10-05T23:41:10.685324+00:00,SEC-0044,https://www.sec.gov/Archives/edgar/full-index/2018/QTR2/master.gz,master.gz,3166 KB,listing-declared (unit unverified),listed_source_pending,Observed master representation; Task 3 selects inspected alternative,
2018Q2,true,2026-10-05T23:41:10.685324+00:00,SEC-0044,https://www.sec.gov/Archives/edgar/full-index/2018/QTR2/master.idx,master.idx,21395 KB,listing-declared (unit unverified),listed_source_pending,Observed master representation; Task 3 selects inspected alternative,
2018Q2,true,2026-10-05T23:41:10.685324+00:00,SEC-0044,https://www.sec.gov/Archives/edgar/full-index/2018/QTR2/master.Z,master.Z,5707 KB,listing-declared (unit unverified),listed_source_pending,Observed master representation; Task 3 selects inspected alternative,
2018Q2,true,2026-10-05T23:41:10.685324+00:00,SEC-0044,https://www.sec.gov/Archives/edgar/full-index/2018/QTR2/master.zip,master.zip,3032 KB,listing-declared (unit unverified),listed_source_pending,Observed master representation; Task 3 selects inspected alternative,
2018Q3,true,2026-10-05T23:41:11.022621+00:00,SEC-0045,https://www.sec.gov/Archives/edgar/full-index/2018/QTR3/master.gz,master.gz,2598 KB,listing-declared (unit unverified),listed_source_pending,Observed master representation; Task 3 selects inspected alternative,
2018Q3,true,2026-10-05T23:41:11.022621+00:00,SEC-0045,https://www.sec.gov/Archives/edgar/full-index/2018/QTR3/master.idx,master.idx,16818 KB,listing-declared (unit unverified),listed_source_pending,Observed master representation; Task 3 selects inspected alternative,
2018Q3,true,2026-10-05T23:41:11.022621+00:00,SEC-0045,https://www.sec.gov/Archives/edgar/full-index/2018/QTR3/master.Z,master.Z,4556 KB,listing-declared (unit unverified),listed_source_pending,Observed master representation; Task 3 selects inspected alternative,
2018Q3,true,2026-10-05T23:41:11.022621+00:00,SEC-0045,https://www.sec.gov/Archives/edgar/full-index/2018/QTR3/master.zip,master.zip,2496 KB,listing-declared (unit unverified),listed_source_pending,Observed master representation; Task 3 selects inspected alternative,
2018Q4,true,2026-10-05T23:41:11.411868+00:00,SEC-0046,https://www.sec.gov/Archives/edgar/full-index/2018/QTR4/master.gz,master.gz,2606 KB,listing-declared (unit unverified),listed_source_pending,Observed master representation; Task 3 selects inspected alternative,
2018Q4,true,2026-10-05T23:41:11.411868+00:00,SEC-0046,https://www.sec.gov/Archives/edgar/full-index/2018/QTR4/master.idx,master.idx,17264 KB,listing-declared (unit unverified),listed_source_pending,Observed master representation; Task 3 selects inspected alternative,
2018Q4,true,2026-10-05T23:41:11.411868+00:00,SEC-0046,https://www.sec.gov/Archives/edgar/full-index/2018/QTR4/master.Z,master.Z,4613 KB,listing-declared (unit unverified),listed_source_pending,Observed master representation; Task 3 selects inspected alternative,
2018Q4,true,2026-10-05T23:41:11.411868+00:00,SEC-0046,https://www.sec.gov/Archives/edgar/full-index/2018/QTR4/master.zip,master.zip,2500 KB,listing-declared (unit unverified),listed_source_pending,Observed master representation; Task 3 selects inspected alternative,
2019Q1,true,2026-10-05T23:41:12.109380+00:00,SEC-0048,https://www.sec.gov/Archives/edgar/full-index/2019/QTR1/master.gz,master.gz,3636 KB,listing-declared (unit unverified),listed_source_pending,Observed master representation; Task 3 selects inspected alternative,
2019Q1,true,2026-10-05T23:41:12.109380+00:00,SEC-0048,https://www.sec.gov/Archives/edgar/full-index/2019/QTR1/master.idx,master.idx,25506 KB,listing-declared (unit unverified),listed_source_pending,Observed master representation; Task 3 selects inspected alternative,
2019Q1,true,2026-10-05T23:41:12.109380+00:00,SEC-0048,https://www.sec.gov/Archives/edgar/full-index/2019/QTR1/master.Z,master.Z,6582 KB,listing-declared (unit unverified),listed_source_pending,Observed master representation; Task 3 selects inspected alternative,
2019Q1,true,2026-10-05T23:41:12.109380+00:00,SEC-0048,https://www.sec.gov/Archives/edgar/full-index/2019/QTR1/master.zip,master.zip,3473 KB,listing-declared (unit unverified),listed_source_pending,Observed master representation; Task 3 selects inspected alternative,
2019Q2,true,2026-10-05T23:41:12.395487+00:00,SEC-0049,https://www.sec.gov/Archives/edgar/full-index/2019/QTR2/master.gz,master.gz,3172 KB,listing-declared (unit unverified),listed_source_pending,Observed master representation; Task 3 selects inspected alternative,
2019Q2,true,2026-10-05T23:41:12.395487+00:00,SEC-0049,https://www.sec.gov/Archives/edgar/full-index/2019/QTR2/master.idx,master.idx,21562 KB,listing-declared (unit unverified),listed_source_pending,Observed master representation; Task 3 selects inspected alternative,
2019Q2,true,2026-10-05T23:41:12.395487+00:00,SEC-0049,https://www.sec.gov/Archives/edgar/full-index/2019/QTR2/master.Z,master.Z,5717 KB,listing-declared (unit unverified),listed_source_pending,Observed master representation; Task 3 selects inspected alternative,
2019Q2,true,2026-10-05T23:41:12.395487+00:00,SEC-0049,https://www.sec.gov/Archives/edgar/full-index/2019/QTR2/master.zip,master.zip,3034 KB,listing-declared (unit unverified),listed_source_pending,Observed master representation; Task 3 selects inspected alternative,
2019Q3,true,2026-10-05T23:41:12.782595+00:00,SEC-0050,https://www.sec.gov/Archives/edgar/full-index/2019/QTR3/master.gz,master.gz,2611 KB,listing-declared (unit unverified),listed_source_pending,Observed master representation; Task 3 selects inspected alternative,
2019Q3,true,2026-10-05T23:41:12.782595+00:00,SEC-0050,https://www.sec.gov/Archives/edgar/full-index/2019/QTR3/master.idx,master.idx,17165 KB,listing-declared (unit unverified),listed_source_pending,Observed master representation; Task 3 selects inspected alternative,
2019Q3,true,2026-10-05T23:41:12.782595+00:00,SEC-0050,https://www.sec.gov/Archives/edgar/full-index/2019/QTR3/master.Z,master.Z,4615 KB,listing-declared (unit unverified),listed_source_pending,Observed master representation; Task 3 selects inspected alternative,
2019Q3,true,2026-10-05T23:41:12.782595+00:00,SEC-0050,https://www.sec.gov/Archives/edgar/full-index/2019/QTR3/master.zip,master.zip,2505 KB,listing-declared (unit unverified),listed_source_pending,Observed master representation; Task 3 selects inspected alternative,
2019Q4,true,2026-10-05T23:41:13.171596+00:00,SEC-0051,https://www.sec.gov/Archives/edgar/full-index/2019/QTR4/master.gz,master.gz,2651 KB,listing-declared (unit unverified),listed_source_pending,Observed master representation; Task 3 selects inspected alternative,
2019Q4,true,2026-10-05T23:41:13.171596+00:00,SEC-0051,https://www.sec.gov/Archives/edgar/full-index/2019/QTR4/master.idx,master.idx,17883 KB,listing-declared (unit unverified),listed_source_pending,Observed master representation; Task 3 selects inspected alternative,
2019Q4,true,2026-10-05T23:41:13.171596+00:00,SEC-0051,https://www.sec.gov/Archives/edgar/full-index/2019/QTR4/master.Z,master.Z,4725 KB,listing-declared (unit unverified),listed_source_pending,Observed master representation; Task 3 selects inspected alternative,
2019Q4,true,2026-10-05T23:41:13.171596+00:00,SEC-0051,https://www.sec.gov/Archives/edgar/full-index/2019/QTR4/master.zip,master.zip,2538 KB,listing-declared (unit unverified),listed_source_pending,Observed master representation; Task 3 selects inspected alternative,
2020Q1,true,2026-10-05T23:41:13.774954+00:00,SEC-0053,https://www.sec.gov/Archives/edgar/full-index/2020/QTR1/master.gz,master.gz,3821 KB,listing-declared (unit unverified),listed_source_pending,Observed master representation; Task 3 selects inspected alternative,
2020Q1,true,2026-10-05T23:41:13.774954+00:00,SEC-0053,https://www.sec.gov/Archives/edgar/full-index/2020/QTR1/master.idx,master.idx,27988 KB,listing-declared (unit unverified),listed_source_pending,Observed master representation; Task 3 selects inspected alternative,
2020Q1,true,2026-10-05T23:41:13.774954+00:00,SEC-0053,https://www.sec.gov/Archives/edgar/full-index/2020/QTR1/master.Z,master.Z,7040 KB,listing-declared (unit unverified),listed_source_pending,Observed master representation; Task 3 selects inspected alternative,
2020Q1,true,2026-10-05T23:41:13.774954+00:00,SEC-0053,https://www.sec.gov/Archives/edgar/full-index/2020/QTR1/master.zip,master.zip,3636 KB,listing-declared (unit unverified),listed_source_pending,Observed master representation; Task 3 selects inspected alternative,
2020Q2,true,2026-10-05T23:41:14.182712+00:00,SEC-0054,https://www.sec.gov/Archives/edgar/full-index/2020/QTR2/master.gz,master.gz,3275 KB,listing-declared (unit unverified),listed_source_pending,Observed master representation; Task 3 selects inspected alternative,
2020Q2,true,2026-10-05T23:41:14.182712+00:00,SEC-0054,https://www.sec.gov/Archives/edgar/full-index/2020/QTR2/master.idx,master.idx,23307 KB,listing-declared (unit unverified),listed_source_pending,Observed master representation; Task 3 selects inspected alternative,
2020Q2,true,2026-10-05T23:41:14.182712+00:00,SEC-0054,https://www.sec.gov/Archives/edgar/full-index/2020/QTR2/master.Z,master.Z,6040 KB,listing-declared (unit unverified),listed_source_pending,Observed master representation; Task 3 selects inspected alternative,
2020Q2,true,2026-10-05T23:41:14.182712+00:00,SEC-0054,https://www.sec.gov/Archives/edgar/full-index/2020/QTR2/master.zip,master.zip,3120 KB,listing-declared (unit unverified),listed_source_pending,Observed master representation; Task 3 selects inspected alternative,
2020Q3,true,2026-10-05T23:41:14.565286+00:00,SEC-0055,https://www.sec.gov/Archives/edgar/full-index/2020/QTR3/master.gz,master.gz,2797 KB,listing-declared (unit unverified),listed_source_pending,Observed master representation; Task 3 selects inspected alternative,
2020Q3,true,2026-10-05T23:41:14.565286+00:00,SEC-0055,https://www.sec.gov/Archives/edgar/full-index/2020/QTR3/master.idx,master.idx,19180 KB,listing-declared (unit unverified),listed_source_pending,Observed master representation; Task 3 selects inspected alternative,
2020Q3,true,2026-10-05T23:41:14.565286+00:00,SEC-0055,https://www.sec.gov/Archives/edgar/full-index/2020/QTR3/master.Z,master.Z,5019 KB,listing-declared (unit unverified),listed_source_pending,Observed master representation; Task 3 selects inspected alternative,
2020Q3,true,2026-10-05T23:41:14.565286+00:00,SEC-0055,https://www.sec.gov/Archives/edgar/full-index/2020/QTR3/master.zip,master.zip,2676 KB,listing-declared (unit unverified),listed_source_pending,Observed master representation; Task 3 selects inspected alternative,
2020Q4,true,2026-10-05T23:41:14.851990+00:00,SEC-0056,https://www.sec.gov/Archives/edgar/full-index/2020/QTR4/master.gz,master.gz,2933 KB,listing-declared (unit unverified),listed_source_pending,Observed master representation; Task 3 selects inspected alternative,
2020Q4,true,2026-10-05T23:41:14.851990+00:00,SEC-0056,https://www.sec.gov/Archives/edgar/full-index/2020/QTR4/master.idx,master.idx,20214 KB,listing-declared (unit unverified),listed_source_pending,Observed master representation; Task 3 selects inspected alternative,
2020Q4,true,2026-10-05T23:41:14.851990+00:00,SEC-0056,https://www.sec.gov/Archives/edgar/full-index/2020/QTR4/master.Z,master.Z,5259 KB,listing-declared (unit unverified),listed_source_pending,Observed master representation; Task 3 selects inspected alternative,
2020Q4,true,2026-10-05T23:41:14.851990+00:00,SEC-0056,https://www.sec.gov/Archives/edgar/full-index/2020/QTR4/master.zip,master.zip,2802 KB,listing-declared (unit unverified),listed_source_pending,Observed master representation; Task 3 selects inspected alternative,
2021Q1,true,2026-10-05T23:41:15.481042+00:00,SEC-0058,https://www.sec.gov/Archives/edgar/full-index/2021/QTR1/master.gz,master.gz,4281 KB,listing-declared (unit unverified),listed_source_pending,Observed master representation; Task 3 selects inspected alternative,
2021Q1,true,2026-10-05T23:41:15.481042+00:00,SEC-0058,https://www.sec.gov/Archives/edgar/full-index/2021/QTR1/master.idx,master.idx,31156 KB,listing-declared (unit unverified),listed_source_pending,Observed master representation; Task 3 selects inspected alternative,
2021Q1,true,2026-10-05T23:41:15.481042+00:00,SEC-0058,https://www.sec.gov/Archives/edgar/full-index/2021/QTR1/master.Z,master.Z,7801 KB,listing-declared (unit unverified),listed_source_pending,Observed master representation; Task 3 selects inspected alternative,
2021Q1,true,2026-10-05T23:41:15.481042+00:00,SEC-0058,https://www.sec.gov/Archives/edgar/full-index/2021/QTR1/master.zip,master.zip,4076 KB,listing-declared (unit unverified),listed_source_pending,Observed master representation; Task 3 selects inspected alternative,
2021Q2,true,2026-10-05T23:41:15.915771+00:00,SEC-0059,https://www.sec.gov/Archives/edgar/full-index/2021/QTR2/master.gz,master.gz,3690 KB,listing-declared (unit unverified),listed_source_pending,Observed master representation; Task 3 selects inspected alternative,
2021Q2,true,2026-10-05T23:41:15.915771+00:00,SEC-0059,https://www.sec.gov/Archives/edgar/full-index/2021/QTR2/master.idx,master.idx,25918 KB,listing-declared (unit unverified),listed_source_pending,Observed master representation; Task 3 selects inspected alternative,
2021Q2,true,2026-10-05T23:41:15.915771+00:00,SEC-0059,https://www.sec.gov/Archives/edgar/full-index/2021/QTR2/master.Z,master.Z,6687 KB,listing-declared (unit unverified),listed_source_pending,Observed master representation; Task 3 selects inspected alternative,
2021Q2,true,2026-10-05T23:41:15.915771+00:00,SEC-0059,https://www.sec.gov/Archives/edgar/full-index/2021/QTR2/master.zip,master.zip,3520 KB,listing-declared (unit unverified),listed_source_pending,Observed master representation; Task 3 selects inspected alternative,
2021Q3,true,2026-10-05T23:41:16.418191+00:00,SEC-0060,https://www.sec.gov/Archives/edgar/full-index/2021/QTR3/master.gz,master.gz,3192 KB,listing-declared (unit unverified),listed_source_pending,Observed master representation; Task 3 selects inspected alternative,
2021Q3,true,2026-10-05T23:41:16.418191+00:00,SEC-0060,https://www.sec.gov/Archives/edgar/full-index/2021/QTR3/master.idx,master.idx,21859 KB,listing-declared (unit unverified),listed_source_pending,Observed master representation; Task 3 selects inspected alternative,
2021Q3,true,2026-10-05T23:41:16.418191+00:00,SEC-0060,https://www.sec.gov/Archives/edgar/full-index/2021/QTR3/master.Z,master.Z,5623 KB,listing-declared (unit unverified),listed_source_pending,Observed master representation; Task 3 selects inspected alternative,
2021Q3,true,2026-10-05T23:41:16.418191+00:00,SEC-0060,https://www.sec.gov/Archives/edgar/full-index/2021/QTR3/master.zip,master.zip,3054 KB,listing-declared (unit unverified),listed_source_pending,Observed master representation; Task 3 selects inspected alternative,
2021Q4,true,2026-10-05T23:41:16.605403+00:00,SEC-0061,https://www.sec.gov/Archives/edgar/full-index/2021/QTR4/master.gz,master.gz,3262 KB,listing-declared (unit unverified),listed_source_pending,Observed master representation; Task 3 selects inspected alternative,
2021Q4,true,2026-10-05T23:41:16.605403+00:00,SEC-0061,https://www.sec.gov/Archives/edgar/full-index/2021/QTR4/master.idx,master.idx,22445 KB,listing-declared (unit unverified),listed_source_pending,Observed master representation; Task 3 selects inspected alternative,
2021Q4,true,2026-10-05T23:41:16.605403+00:00,SEC-0061,https://www.sec.gov/Archives/edgar/full-index/2021/QTR4/master.Z,master.Z,5771 KB,listing-declared (unit unverified),listed_source_pending,Observed master representation; Task 3 selects inspected alternative,
2021Q4,true,2026-10-05T23:41:16.605403+00:00,SEC-0061,https://www.sec.gov/Archives/edgar/full-index/2021/QTR4/master.zip,master.zip,3117 KB,listing-declared (unit unverified),listed_source_pending,Observed master representation; Task 3 selects inspected alternative,
2022Q1,true,2026-10-05T23:41:17.276111+00:00,SEC-0063,https://www.sec.gov/Archives/edgar/full-index/2022/QTR1/master.gz,master.gz,4291 KB,listing-declared (unit unverified),listed_source_pending,Observed master representation; Task 3 selects inspected alternative,
2022Q1,true,2026-10-05T23:41:17.276111+00:00,SEC-0063,https://www.sec.gov/Archives/edgar/full-index/2022/QTR1/master.idx,master.idx,30911 KB,listing-declared (unit unverified),listed_source_pending,Observed master representation; Task 3 selects inspected alternative,
2022Q1,true,2026-10-05T23:41:17.276111+00:00,SEC-0063,https://www.sec.gov/Archives/edgar/full-index/2022/QTR1/master.Z,master.Z,7725 KB,listing-declared (unit unverified),listed_source_pending,Observed master representation; Task 3 selects inspected alternative,
2022Q1,true,2026-10-05T23:41:17.276111+00:00,SEC-0063,https://www.sec.gov/Archives/edgar/full-index/2022/QTR1/master.zip,master.zip,4087 KB,listing-declared (unit unverified),listed_source_pending,Observed master representation; Task 3 selects inspected alternative,
2022Q2,true,2026-10-05T23:41:17.615214+00:00,SEC-0064,https://www.sec.gov/Archives/edgar/full-index/2022/QTR2/master.gz,master.gz,3632 KB,listing-declared (unit unverified),listed_source_pending,Observed master representation; Task 3 selects inspected alternative,
2022Q2,true,2026-10-05T23:41:17.615214+00:00,SEC-0064,https://www.sec.gov/Archives/edgar/full-index/2022/QTR2/master.idx,master.idx,25397 KB,listing-declared (unit unverified),listed_source_pending,Observed master representation; Task 3 selects inspected alternative,
2022Q2,true,2026-10-05T23:41:17.615214+00:00,SEC-0064,https://www.sec.gov/Archives/edgar/full-index/2022/QTR2/master.Z,master.Z,6517 KB,listing-declared (unit unverified),listed_source_pending,Observed master representation; Task 3 selects inspected alternative,
2022Q2,true,2026-10-05T23:41:17.615214+00:00,SEC-0064,https://www.sec.gov/Archives/edgar/full-index/2022/QTR2/master.zip,master.zip,3468 KB,listing-declared (unit unverified),listed_source_pending,Observed master representation; Task 3 selects inspected alternative,
2022Q3,true,2026-10-05T23:41:18.047447+00:00,SEC-0065,https://www.sec.gov/Archives/edgar/full-index/2022/QTR3/master.gz,master.gz,3017 KB,listing-declared (unit unverified),listed_source_pending,Observed master representation; Task 3 selects inspected alternative,
2022Q3,true,2026-10-05T23:41:18.047447+00:00,SEC-0065,https://www.sec.gov/Archives/edgar/full-index/2022/QTR3/master.idx,master.idx,20726 KB,listing-declared (unit unverified),listed_source_pending,Observed master representation; Task 3 selects inspected alternative,
2022Q3,true,2026-10-05T23:41:18.047447+00:00,SEC-0065,https://www.sec.gov/Archives/edgar/full-index/2022/QTR3/master.Z,master.Z,5281 KB,listing-declared (unit unverified),listed_source_pending,Observed master representation; Task 3 selects inspected alternative,
2022Q3,true,2026-10-05T23:41:18.047447+00:00,SEC-0065,https://www.sec.gov/Archives/edgar/full-index/2022/QTR3/master.zip,master.zip,2887 KB,listing-declared (unit unverified),listed_source_pending,Observed master representation; Task 3 selects inspected alternative,
2022Q4,true,2026-10-05T23:41:18.456269+00:00,SEC-0066,https://www.sec.gov/Archives/edgar/full-index/2022/QTR4/master.gz,master.gz,2916 KB,listing-declared (unit unverified),listed_source_pending,Observed master representation; Task 3 selects inspected alternative,
2022Q4,true,2026-10-05T23:41:18.456269+00:00,SEC-0066,https://www.sec.gov/Archives/edgar/full-index/2022/QTR4/master.idx,master.idx,20061 KB,listing-declared (unit unverified),listed_source_pending,Observed master representation; Task 3 selects inspected alternative,
2022Q4,true,2026-10-05T23:41:18.456269+00:00,SEC-0066,https://www.sec.gov/Archives/edgar/full-index/2022/QTR4/master.Z,master.Z,5165 KB,listing-declared (unit unverified),listed_source_pending,Observed master representation; Task 3 selects inspected alternative,
2022Q4,true,2026-10-05T23:41:18.456269+00:00,SEC-0066,https://www.sec.gov/Archives/edgar/full-index/2022/QTR4/master.zip,master.zip,2791 KB,listing-declared (unit unverified),listed_source_pending,Observed master representation; Task 3 selects inspected alternative,
2023Q1,true,2026-10-05T23:41:19.018360+00:00,SEC-0068,https://www.sec.gov/Archives/edgar/full-index/2023/QTR1/master.gz,master.gz,4141 KB,listing-declared (unit unverified),listed_source_pending,Observed master representation; Task 3 selects inspected alternative,
2023Q1,true,2026-10-05T23:41:19.018360+00:00,SEC-0068,https://www.sec.gov/Archives/edgar/full-index/2023/QTR1/master.idx,master.idx,30194 KB,listing-declared (unit unverified),listed_source_pending,Observed master representation; Task 3 selects inspected alternative,
2023Q1,true,2026-10-05T23:41:19.018360+00:00,SEC-0068,https://www.sec.gov/Archives/edgar/full-index/2023/QTR1/master.Z,master.Z,7495 KB,listing-declared (unit unverified),listed_source_pending,Observed master representation; Task 3 selects inspected alternative,
2023Q1,true,2026-10-05T23:41:19.018360+00:00,SEC-0068,https://www.sec.gov/Archives/edgar/full-index/2023/QTR1/master.zip,master.zip,3941 KB,listing-declared (unit unverified),listed_source_pending,Observed master representation; Task 3 selects inspected alternative,
2023Q2,true,2026-10-05T23:41:19.414918+00:00,SEC-0069,https://www.sec.gov/Archives/edgar/full-index/2023/QTR2/master.gz,master.gz,3769 KB,listing-declared (unit unverified),listed_source_pending,Observed master representation; Task 3 selects inspected alternative,
2023Q2,true,2026-10-05T23:41:19.414918+00:00,SEC-0069,https://www.sec.gov/Archives/edgar/full-index/2023/QTR2/master.idx,master.idx,26717 KB,listing-declared (unit unverified),listed_source_pending,Observed master representation; Task 3 selects inspected alternative,
2023Q2,true,2026-10-05T23:41:19.414918+00:00,SEC-0069,https://www.sec.gov/Archives/edgar/full-index/2023/QTR2/master.Z,master.Z,6785 KB,listing-declared (unit unverified),listed_source_pending,Observed master representation; Task 3 selects inspected alternative,
2023Q2,true,2026-10-05T23:41:19.414918+00:00,SEC-0069,https://www.sec.gov/Archives/edgar/full-index/2023/QTR2/master.zip,master.zip,3591 KB,listing-declared (unit unverified),listed_source_pending,Observed master representation; Task 3 selects inspected alternative,
2023Q3,true,2026-10-05T23:41:19.684022+00:00,SEC-0070,https://www.sec.gov/Archives/edgar/full-index/2023/QTR3/master.gz,master.gz,3126 KB,listing-declared (unit unverified),listed_source_pending,Observed master representation; Task 3 selects inspected alternative,
2023Q3,true,2026-10-05T23:41:19.684022+00:00,SEC-0070,https://www.sec.gov/Archives/edgar/full-index/2023/QTR3/master.idx,master.idx,21923 KB,listing-declared (unit unverified),listed_source_pending,Observed master representation; Task 3 selects inspected alternative,
2023Q3,true,2026-10-05T23:41:19.684022+00:00,SEC-0070,https://www.sec.gov/Archives/edgar/full-index/2023/QTR3/master.Z,master.Z,5538 KB,listing-declared (unit unverified),listed_source_pending,Observed master representation; Task 3 selects inspected alternative,
2023Q3,true,2026-10-05T23:41:19.684022+00:00,SEC-0070,https://www.sec.gov/Archives/edgar/full-index/2023/QTR3/master.zip,master.zip,2983 KB,listing-declared (unit unverified),listed_source_pending,Observed master representation; Task 3 selects inspected alternative,
2023Q4,true,2026-10-05T23:41:20.177307+00:00,SEC-0071,https://www.sec.gov/Archives/edgar/full-index/2023/QTR4/master.gz,master.gz,3105 KB,listing-declared (unit unverified),listed_source_pending,Observed master representation; Task 3 selects inspected alternative,
2023Q4,true,2026-10-05T23:41:20.177307+00:00,SEC-0071,https://www.sec.gov/Archives/edgar/full-index/2023/QTR4/master.idx,master.idx,21830 KB,listing-declared (unit unverified),listed_source_pending,Observed master representation; Task 3 selects inspected alternative,
2023Q4,true,2026-10-05T23:41:20.177307+00:00,SEC-0071,https://www.sec.gov/Archives/edgar/full-index/2023/QTR4/master.Z,master.Z,5544 KB,listing-declared (unit unverified),listed_source_pending,Observed master representation; Task 3 selects inspected alternative,
2023Q4,true,2026-10-05T23:41:20.177307+00:00,SEC-0071,https://www.sec.gov/Archives/edgar/full-index/2023/QTR4/master.zip,master.zip,2962 KB,listing-declared (unit unverified),listed_source_pending,Observed master representation; Task 3 selects inspected alternative,
2024Q1,true,2026-10-05T23:41:20.853315+00:00,SEC-0073,https://www.sec.gov/Archives/edgar/full-index/2024/QTR1/master.gz,master.gz,4336 KB,listing-declared (unit unverified),listed_source_pending,Observed master representation; Task 3 selects inspected alternative,
2024Q1,true,2026-10-05T23:41:20.853315+00:00,SEC-0073,https://www.sec.gov/Archives/edgar/full-index/2024/QTR1/master.idx,master.idx,32097 KB,listing-declared (unit unverified),listed_source_pending,Observed master representation; Task 3 selects inspected alternative,
2024Q1,true,2026-10-05T23:41:20.853315+00:00,SEC-0073,https://www.sec.gov/Archives/edgar/full-index/2024/QTR1/master.Z,master.Z,7916 KB,listing-declared (unit unverified),listed_source_pending,Observed master representation; Task 3 selects inspected alternative,
2024Q1,true,2026-10-05T23:41:20.853315+00:00,SEC-0073,https://www.sec.gov/Archives/edgar/full-index/2024/QTR1/master.zip,master.zip,4114 KB,listing-declared (unit unverified),listed_source_pending,Observed master representation; Task 3 selects inspected alternative,
2024Q2,true,2026-10-05T23:41:21.079548+00:00,SEC-0074,https://www.sec.gov/Archives/edgar/full-index/2024/QTR2/master.gz,master.gz,3803 KB,listing-declared (unit unverified),listed_source_pending,Observed master representation; Task 3 selects inspected alternative,
2024Q2,true,2026-10-05T23:41:21.079548+00:00,SEC-0074,https://www.sec.gov/Archives/edgar/full-index/2024/QTR2/master.idx,master.idx,27362 KB,listing-declared (unit unverified),listed_source_pending,Observed master representation; Task 3 selects inspected alternative,
2024Q2,true,2026-10-05T23:41:21.079548+00:00,SEC-0074,https://www.sec.gov/Archives/edgar/full-index/2024/QTR2/master.Z,master.Z,6866 KB,listing-declared (unit unverified),listed_source_pending,Observed master representation; Task 3 selects inspected alternative,
2024Q2,true,2026-10-05T23:41:21.079548+00:00,SEC-0074,https://www.sec.gov/Archives/edgar/full-index/2024/QTR2/master.zip,master.zip,3616 KB,listing-declared (unit unverified),listed_source_pending,Observed master representation; Task 3 selects inspected alternative,
2024Q3,true,2026-10-05T23:41:21.438416+00:00,SEC-0075,https://www.sec.gov/Archives/edgar/full-index/2024/QTR3/master.gz,master.gz,3297 KB,listing-declared (unit unverified),listed_source_pending,Observed master representation; Task 3 selects inspected alternative,
2024Q3,true,2026-10-05T23:41:21.438416+00:00,SEC-0075,https://www.sec.gov/Archives/edgar/full-index/2024/QTR3/master.idx,master.idx,23645 KB,listing-declared (unit unverified),listed_source_pending,Observed master representation; Task 3 selects inspected alternative,
2024Q3,true,2026-10-05T23:41:21.438416+00:00,SEC-0075,https://www.sec.gov/Archives/edgar/full-index/2024/QTR3/master.Z,master.Z,5929 KB,listing-declared (unit unverified),listed_source_pending,Observed master representation; Task 3 selects inspected alternative,
2024Q3,true,2026-10-05T23:41:21.438416+00:00,SEC-0075,https://www.sec.gov/Archives/edgar/full-index/2024/QTR3/master.zip,master.zip,3144 KB,listing-declared (unit unverified),listed_source_pending,Observed master representation; Task 3 selects inspected alternative,
2024Q4,true,2026-10-05T23:41:21.723103+00:00,SEC-0076,https://www.sec.gov/Archives/edgar/full-index/2024/QTR4/master.Z,master.Z,6157 KB,listing-declared (unit unverified),listed_source_pending,Observed master representation; Task 3 selects inspected alternative,
2024Q4,true,2026-10-05T23:41:21.723103+00:00,SEC-0076,https://www.sec.gov/Archives/edgar/full-index/2024/QTR4/master.gz,master.gz,3385 KB,listing-declared (unit unverified),listed_source_pending,Observed master representation; Task 3 selects inspected alternative,
2024Q4,true,2026-10-05T23:41:21.723103+00:00,SEC-0076,https://www.sec.gov/Archives/edgar/full-index/2024/QTR4/master.idx,master.idx,24983 KB,listing-declared (unit unverified),listed_source_pending,Observed master representation; Task 3 selects inspected alternative,
2024Q4,true,2026-10-05T23:41:21.723103+00:00,SEC-0076,https://www.sec.gov/Archives/edgar/full-index/2024/QTR4/master.z,master.z,6157 KB,listing-declared (unit unverified),listed_source_pending,Observed master representation; Task 3 selects inspected alternative,
2024Q4,true,2026-10-05T23:41:21.723103+00:00,SEC-0076,https://www.sec.gov/Archives/edgar/full-index/2024/QTR4/master.zip,master.zip,3221 KB,listing-declared (unit unverified),listed_source_pending,Observed master representation; Task 3 selects inspected alternative,
2025Q1,true,2026-10-05T23:41:22.493915+00:00,SEC-0078,https://www.sec.gov/Archives/edgar/full-index/2025/QTR1/master.Z,master.Z,7404 KB,listing-declared (unit unverified),listed_source_pending,Observed master representation; Task 3 selects inspected alternative,
2025Q1,true,2026-10-05T23:41:22.493915+00:00,SEC-0078,https://www.sec.gov/Archives/edgar/full-index/2025/QTR1/master.gz,master.gz,4071 KB,listing-declared (unit unverified),listed_source_pending,Observed master representation; Task 3 selects inspected alternative,
2025Q1,true,2026-10-05T23:41:22.493915+00:00,SEC-0078,https://www.sec.gov/Archives/edgar/full-index/2025/QTR1/master.idx,master.idx,29594 KB,listing-declared (unit unverified),listed_source_pending,Observed master representation; Task 3 selects inspected alternative,
2025Q1,true,2026-10-05T23:41:22.493915+00:00,SEC-0078,https://www.sec.gov/Archives/edgar/full-index/2025/QTR1/master.z,master.z,7404 KB,listing-declared (unit unverified),listed_source_pending,Observed master representation; Task 3 selects inspected alternative,
2025Q1,true,2026-10-05T23:41:22.493915+00:00,SEC-0078,https://www.sec.gov/Archives/edgar/full-index/2025/QTR1/master.zip,master.zip,3870 KB,listing-declared (unit unverified),listed_source_pending,Observed master representation; Task 3 selects inspected alternative,
2025Q2,true,2026-10-05T23:41:22.823985+00:00,SEC-0079,https://www.sec.gov/Archives/edgar/full-index/2025/QTR2/master.Z,master.Z,7262 KB,listing-declared (unit unverified),listed_source_pending,Observed master representation; Task 3 selects inspected alternative,
2025Q2,true,2026-10-05T23:41:22.823985+00:00,SEC-0079,https://www.sec.gov/Archives/edgar/full-index/2025/QTR2/master.gz,master.gz,4005 KB,listing-declared (unit unverified),listed_source_pending,Observed master representation; Task 3 selects inspected alternative,
2025Q2,true,2026-10-05T23:41:22.823985+00:00,SEC-0079,https://www.sec.gov/Archives/edgar/full-index/2025/QTR2/master.idx,master.idx,29110 KB,listing-declared (unit unverified),listed_source_pending,Observed master representation; Task 3 selects inspected alternative,
2025Q2,true,2026-10-05T23:41:22.823985+00:00,SEC-0079,https://www.sec.gov/Archives/edgar/full-index/2025/QTR2/master.z,master.z,7262 KB,listing-declared (unit unverified),listed_source_pending,Observed master representation; Task 3 selects inspected alternative,
2025Q2,true,2026-10-05T23:41:22.823985+00:00,SEC-0079,https://www.sec.gov/Archives/edgar/full-index/2025/QTR2/master.zip,master.zip,3811 KB,listing-declared (unit unverified),listed_source_pending,Observed master representation; Task 3 selects inspected alternative,
2025Q3,true,2026-10-05T23:41:23.234678+00:00,SEC-0080,https://www.sec.gov/Archives/edgar/full-index/2025/QTR3/master.Z,master.Z,6279 KB,listing-declared (unit unverified),listed_source_pending,Observed master representation; Task 3 selects inspected alternative,
2025Q3,true,2026-10-05T23:41:23.234678+00:00,SEC-0080,https://www.sec.gov/Archives/edgar/full-index/2025/QTR3/master.gz,master.gz,3490 KB,listing-declared (unit unverified),listed_source_pending,Observed master representation; Task 3 selects inspected alternative,
2025Q3,true,2026-10-05T23:41:23.234678+00:00,SEC-0080,https://www.sec.gov/Archives/edgar/full-index/2025/QTR3/master.idx,master.idx,25344 KB,listing-declared (unit unverified),listed_source_pending,Observed master representation; Task 3 selects inspected alternative,
2025Q3,true,2026-10-05T23:41:23.234678+00:00,SEC-0080,https://www.sec.gov/Archives/edgar/full-index/2025/QTR3/master.z,master.z,6279 KB,listing-declared (unit unverified),listed_source_pending,Observed master representation; Task 3 selects inspected alternative,
2025Q3,true,2026-10-05T23:41:23.234678+00:00,SEC-0080,https://www.sec.gov/Archives/edgar/full-index/2025/QTR3/master.zip,master.zip,3326 KB,listing-declared (unit unverified),listed_source_pending,Observed master representation; Task 3 selects inspected alternative,
2025Q4,true,2026-10-05T23:41:23.575002+00:00,SEC-0081,https://www.sec.gov/Archives/edgar/full-index/2025/QTR4/master.Z,master.Z,5911 KB,listing-declared (unit unverified),listed_source_pending,Observed master representation; Task 3 selects inspected alternative,
2025Q4,true,2026-10-05T23:41:23.575002+00:00,SEC-0081,https://www.sec.gov/Archives/edgar/full-index/2025/QTR4/master.gz,master.gz,3308 KB,listing-declared (unit unverified),listed_source_pending,Observed master representation; Task 3 selects inspected alternative,
2025Q4,true,2026-10-05T23:41:23.575002+00:00,SEC-0081,https://www.sec.gov/Archives/edgar/full-index/2025/QTR4/master.idx,master.idx,24385 KB,listing-declared (unit unverified),listed_source_pending,Observed master representation; Task 3 selects inspected alternative,
2025Q4,true,2026-10-05T23:41:23.575002+00:00,SEC-0081,https://www.sec.gov/Archives/edgar/full-index/2025/QTR4/master.z,master.z,5911 KB,listing-declared (unit unverified),listed_source_pending,Observed master representation; Task 3 selects inspected alternative,
2025Q4,true,2026-10-05T23:41:23.575002+00:00,SEC-0081,https://www.sec.gov/Archives/edgar/full-index/2025/QTR4/master.zip,master.zip,3149 KB,listing-declared (unit unverified),listed_source_pending,Observed master representation; Task 3 selects inspected alternative,
2026Q1,true,2026-10-05T23:41:24.154608+00:00,SEC-0083,https://www.sec.gov/Archives/edgar/full-index/2026/QTR1/master.Z,master.Z,7800 KB,listing-declared (unit unverified),listed_source_pending,Observed master representation; Task 3 selects inspected alternative,
2026Q1,true,2026-10-05T23:41:24.154608+00:00,SEC-0083,https://www.sec.gov/Archives/edgar/full-index/2026/QTR1/master.gz,master.gz,4325 KB,listing-declared (unit unverified),listed_source_pending,Observed master representation; Task 3 selects inspected alternative,
2026Q1,true,2026-10-05T23:41:24.154608+00:00,SEC-0083,https://www.sec.gov/Archives/edgar/full-index/2026/QTR1/master.idx,master.idx,32282 KB,listing-declared (unit unverified),listed_source_pending,Observed master representation; Task 3 selects inspected alternative,
2026Q1,true,2026-10-05T23:41:24.154608+00:00,SEC-0083,https://www.sec.gov/Archives/edgar/full-index/2026/QTR1/master.z,master.z,7800 KB,listing-declared (unit unverified),listed_source_pending,Observed master representation; Task 3 selects inspected alternative,
2026Q1,true,2026-10-05T23:41:24.154608+00:00,SEC-0083,https://www.sec.gov/Archives/edgar/full-index/2026/QTR1/master.zip,master.zip,4109 KB,listing-declared (unit unverified),listed_source_pending,Observed master representation; Task 3 selects inspected alternative,
2026Q2,true,2026-10-05T23:41:24.582014+00:00,SEC-0084,https://www.sec.gov/Archives/edgar/full-index/2026/QTR2/master.Z,master.Z,7521 KB,listing-declared (unit unverified),listed_source_pending,Observed master representation; Task 3 selects inspected alternative,
2026Q2,true,2026-10-05T23:41:24.582014+00:00,SEC-0084,https://www.sec.gov/Archives/edgar/full-index/2026/QTR2/master.gz,master.gz,4173 KB,listing-declared (unit unverified),listed_source_pending,Observed master representation; Task 3 selects inspected alternative,
2026Q2,true,2026-10-05T23:41:24.582014+00:00,SEC-0084,https://www.sec.gov/Archives/edgar/full-index/2026/QTR2/master.idx,master.idx,31120 KB,listing-declared (unit unverified),listed_source_pending,Observed master representation; Task 3 selects inspected alternative,
2026Q2,true,2026-10-05T23:41:24.582014+00:00,SEC-0084,https://www.sec.gov/Archives/edgar/full-index/2026/QTR2/master.z,master.z,7521 KB,listing-declared (unit unverified),listed_source_pending,Observed master representation; Task 3 selects inspected alternative,
2026Q2,true,2026-10-05T23:41:24.582014+00:00,SEC-0084,https://www.sec.gov/Archives/edgar/full-index/2026/QTR2/master.zip,master.zip,3964 KB,listing-declared (unit unverified),listed_source_pending,Observed master representation; Task 3 selects inspected alternative,
2026Q3,true,2026-10-05T23:41:24.845487+00:00,SEC-0085,https://www.sec.gov/Archives/edgar/full-index/2026/QTR3/master.Z,master.Z,6438 KB,listing-declared (unit unverified),listed_source_pending,Observed master representation; Task 3 selects inspected alternative,
2026Q3,true,2026-10-05T23:41:24.845487+00:00,SEC-0085,https://www.sec.gov/Archives/edgar/full-index/2026/QTR3/master.gz,master.gz,3592 KB,listing-declared (unit unverified),listed_source_pending,Observed master representation; Task 3 selects inspected alternative,
2026Q3,true,2026-10-05T23:41:24.845487+00:00,SEC-0085,https://www.sec.gov/Archives/edgar/full-index/2026/QTR3/master.idx,master.idx,26884 KB,listing-declared (unit unverified),listed_source_pending,Observed master representation; Task 3 selects inspected alternative,
2026Q3,true,2026-10-05T23:41:24.845487+00:00,SEC-0085,https://www.sec.gov/Archives/edgar/full-index/2026/QTR3/master.z,master.z,6438 KB,listing-declared (unit unverified),listed_source_pending,Observed master representation; Task 3 selects inspected alternative,
2026Q3,true,2026-10-05T23:41:24.845487+00:00,SEC-0085,https://www.sec.gov/Archives/edgar/full-index/2026/QTR3/master.zip,master.zip,3420 KB,listing-declared (unit unverified),listed_source_pending,Observed master representation; Task 3 selects inspected alternative,
2026Q4,true,2026-10-05T23:41:25.247626+00:00,SEC-0086,https://www.sec.gov/Archives/edgar/full-index/2026/QTR4/master.Z,master.Z,281 KB,listing-declared (unit unverified),listed_source_pending,Observed master representation; Task 3 selects inspected alternative,
2026Q4,true,2026-10-05T23:41:25.247626+00:00,SEC-0086,https://www.sec.gov/Archives/edgar/full-index/2026/QTR4/master.gz,master.gz,179 KB,listing-declared (unit unverified),listed_source_pending,Observed master representation; Task 3 selects inspected alternative,
2026Q4,true,2026-10-05T23:41:25.247626+00:00,SEC-0086,https://www.sec.gov/Archives/edgar/full-index/2026/QTR4/master.idx,master.idx,1083 KB,listing-declared (unit unverified),listed_source_pending,Observed master representation; Task 3 selects inspected alternative,
2026Q4,true,2026-10-05T23:41:25.247626+00:00,SEC-0086,https://www.sec.gov/Archives/edgar/full-index/2026/QTR4/master.z,master.z,281 KB,listing-declared (unit unverified),listed_source_pending,Observed master representation; Task 3 selects inspected alternative,
2026Q4,true,2026-10-05T23:41:25.247626+00:00,SEC-0086,https://www.sec.gov/Archives/edgar/full-index/2026/QTR4/master.zip,master.zip,175 KB,listing-declared (unit unverified),listed_source_pending,Observed master representation; Task 3 selects inspected alternative,
