id,claim,evidence_ids,parent_reference,blocking,proposed_resolution,owner,accepted_revision,accepted_date,status
D-01,Tenant and subscription UUIDs; Azure cloud is unresolved,E-DECISIONS;E-AZAUTH;E-OWNERHOST;E-T5-OWNER-PART1;E-T5-OWNER-PART1,Stage 1 §5.3; parent §4.9,false,Explicit owner accepted D01–04 exact R3 selections; no deployment/action authority or effective assignment proof,Lowell Mason,Task5 owner proposal revision3 038cb2ddcd2ca444d7a3855a4686cb457aa13bd373c767bee854ed657d59f944,root receipt 2026-10-06T01:26:57.382291+00:00; owner timestamp not supplied,resolved_owner_selection; effective_stage7_reserved
D-02,Dedicated resource-group name is unresolved,E-DECISIONS;E-T5-OWNER-PART1;E-T5-OWNER-PART1,"Stage 1 §§4, 5.3",false,Explicit owner accepted D01–04 exact R3 selections; no deployment/action authority or effective assignment proof,Lowell Mason,Task5 owner proposal revision3 038cb2ddcd2ca444d7a3855a4686cb457aa13bd373c767bee854ed657d59f944,root receipt 2026-10-06T01:26:57.382291+00:00; owner timestamp not supplied,resolved_owner_selection; effective_stage7_reserved
D-03,Environment and naming scheme is unresolved,E-DECISIONS;E-T5-OWNER-PART1;E-T5-OWNER-PART1,Stage 1 §5.3; parent §4.9,false,Explicit owner accepted D01–04 exact R3 selections; no deployment/action authority or effective assignment proof,Lowell Mason,Task5 owner proposal revision3 038cb2ddcd2ca444d7a3855a4686cb457aa13bd373c767bee854ed657d59f944,root receipt 2026-10-06T01:26:57.382291+00:00; owner timestamp not supplied,resolved_owner_selection; effective_stage7_reserved
D-04,Deployment operator identity and authority is unresolved,E-DECISIONS;E-AZAUTH;E-T5-OWNER-PART1;E-T5-OWNER-PART1,Stage 1 §5.3; parent §4.9,false,Explicit owner accepted D01–04 exact R3 selections; no deployment/action authority or effective assignment proof,Lowell Mason,Task5 owner proposal revision3 038cb2ddcd2ca444d7a3855a4686cb457aa13bd373c767bee854ed657d59f944,root receipt 2026-10-06T01:26:57.382291+00:00; owner timestamp not supplied,resolved_owner_selection; effective_stage7_reserved
D-05,Registry location/type and permission mode is unresolved,E-DECISIONS,Stage 1 §5.2,true,Obtain explicit concrete owner choice/confirmation; do not infer defaults,Lowell Mason,,,open
D-06,Image-pull identity choice is unresolved,E-DECISIONS,Stage 1 §§5.2–5.3,true,Obtain explicit concrete owner choice/confirmation; do not infer defaults,Lowell Mason,,,open
D-07,Rollback digest retention/availability policy is unresolved,E-DECISIONS,Stage 1 §5.2; parent §4.7,true,Obtain explicit concrete owner choice/confirmation; do not infer defaults,Lowell Mason,,,open
D-08,Deployment-tool prerequisites is unresolved,E-DECISIONS,Stage 1 §§5.2–5.3,true,Obtain explicit concrete owner choice/confirmation; do not infer defaults,Lowell Mason,,,open
D-09,Owner-wide SEC traffic allocation and exclusive window confirmed; activation pending root checkpoint,E-SECWINDOW,"Stage 1 §5.1; parent §§4.3, 4.8, 5",false,Accepted exact owner confirmation; root must record activation start/end before access,Lowell Mason,497a5ebe7685bf8993fff0ea7fa9538246f0ecfa67a7c3751bfef29d1c25274e,2026-10-05,resolved
D-10,Current workspace and CLI differ from approved package boundary,E-BASELINE,"Parent §§4.1, 4.9; ADR Decision",false,Align in Stage 2 preserving existing worktree; no Stage 1 repair,Lowell Mason,,,open
D-11,New resource principal IDs and effective deployed behavior require integration evidence,E-DECISIONS,Stage 1 §5.3; parent §§6–7,false,Establish during Stage 7 deployment/integration,Lowell Mason,,,reserved_stage_7
D-12,Accepted temporary ACR probe facility setup and native Linux amd64 capability still unverified,E-PREREQ;E-OWNERHOST;E-VMINVENTORY;E-TEMPPROBE;E-T4-BASE;E-T4-LOCK;E-T4-FRESH-VERIFICATION;E-T4-ROOT-NATIVE;E-T4-CLEANUP,Stage 1 §5.2,false,"Resolved by actual native ca2 resolution and ca3/ca4 fresh exact-combination installations/imports/Parquet/selected decodes; temporary facility cleaned up. Conditional DFS omission, missing Bicep and production/effective-worker checks remain separately bounded.",Lowell Mason,,,resolved
D-13,Local Docker method adapted to bounded temporary ACR quick tasks,E-TEMPPROBE;E-TEMPACCEPTANCE,"Stage 1 §§1, 5.2; Task 4 method",false,Apply accepted temporary-only scope exception and retain exact setup/run/cleanup evidence,Lowell Mason; proposal revision 1,5946673f1cdd8fc3a346ae61b4a2d711cccb3fa660031060a412f1b8e5ffeb84,2026-10-05,resolved
D-14,Thirtythree historical daily middle-quarter directories are listed but uninspected; recovery horizon across them not established,E-T2-DAILY;E-T2-COVERAGE,Stage1§5.1; parent§4.2,True,Before asserting outage recovery spanning these units inspect relevant additional directories in a separately accepted bounded window or obtain explicit owner gap/contract resolution,Lowell Mason,,,open
D-15,Selected daily text uses compact dates File Name header and LF; filing dates can precede filename and cross output quarters,E-T3-MATRIX;E-T3-ASSESS;E-T3-VERIFY,Parent4.3;4.4;canonical filing_date contract; Stage1 Task3,False,Owner accepted bounded investigation continuation; complete daily observations retained; later parser must normalize valid filing dates and preserve affected-quarter precedence; no filename-equality validation,Lowell Mason,Accepted bounded daily-family investigation only; no production contract revision,2026-10-06T00:00:39.782687+00:00,resolved_for_bounded_investigation; production_verification_pending
D-16,Prepared Azure CLI CPU/cache flags rejected before upload or submission,E-T4-COMMANDS;E-T4-METHOD-SOURCES,Stage 1 §5.2; accepted temporary probe proposal revision 1,false,Installed SDK explicit agentConfiguration.cpu=2/noCache=true/isPushEnabled=false/timeout1800/Linuxamd64 used successfully; zero task consumed by local CLI rejection.,Lowell Mason,,,resolved
D-17,ACR dependency scanner rejected FROM --platform qualifier before Python ran,E-T4-COMMANDS;E-T4-FRESH-VERIFICATION,Stage 1 §5.2; accepted temporary probe proposal revision 1,false,"Retained failed ca1 and immutable FROM-only correction; API Linuxamd64 plus exact amd64 child digest preserved, corrected ca2/ca3/ca4 succeeded; ca1 counted toward max four.",Lowell Mason,,,resolved
D-18,New 30s/4200s application observation policy requires owner decision,E-T5-PROPOSAL,Task5 Step2; parent4.8–4.9,true,Accept exact R3 D18 policy or record replacement; no deadline/unknown launch retry,Lowell Mason,,,open
