distribution,version,direct_or_transitive,requires_python,artifact_filename,wheel_tags,sha256,source_url,install_result,import_result,limitation
azure-identity,1.26.0,direct,>=3.9,azure_identity-1.26.0-py3-none-any.whl,py3-none-any,3c60d9682b3ac01507388d474cb5a5ffbe54152a96b6cdcaa7013da9315cf186,https://files.pythonhosted.org/packages/b2/d5/ae45ce8009d0d015304b206c7c4a6cbab02c03f8f07eedefb32b099ccee3/azure_identity-1.26.0-py3-none-any.whl,passed ca3 and ca4; independent fresh uncached hash-required installs,passed ca3 and ca4: azure.identity,Exact selected CPython3.14.8/Linuxamd64/Bookworm wheel combination only; no Azure service operations or production worker/parser proof
azure-storage-blob,12.31.0,direct,>=3.10,azure_storage_blob-12.31.0-py3-none-any.whl,py3-none-any,0c0cb601d3462491d09ea96023cd791bb9dd4b173bf950daf3cff34ff47ba5b5,https://files.pythonhosted.org/packages/9b/57/d1f45fbccc0dfbe6b6db7e5fa06199e35219c712f3743677bec1b4e7d78b/azure_storage_blob-12.31.0-py3-none-any.whl,passed ca3 and ca4; independent fresh uncached hash-required installs,passed ca3 and ca4: azure.storage.blob,Exact selected CPython3.14.8/Linuxamd64/Bookworm wheel combination only; no Azure service operations or production worker/parser proof
azure-data-tables,12.7.0,direct,>=3.9,azure_data_tables-12.7.0-py3-none-any.whl,py3-none-any,24ed9b5690aa46c213182e32bb1b39a68dd9f526d84f447c287e3a401b437c10,https://files.pythonhosted.org/packages/14/3e/2b8da274b49402659cd732def2ae217f2e86312278feb56b55ccbffbbc26/azure_data_tables-12.7.0-py3-none-any.whl,passed ca3 and ca4; independent fresh uncached hash-required installs,passed ca3 and ca4: azure.data.tables,Exact selected CPython3.14.8/Linuxamd64/Bookworm wheel combination only; no Azure service operations or production worker/parser proof
requests,2.34.2,direct,>=3.10,requests-2.34.2-py3-none-any.whl,py3-none-any,2a0d60c172f83ac6ab31e4554906c0f3b3588d37b5cb939b1c061f4907e278e0,https://files.pythonhosted.org/packages/a0/f4/c67b0b3f1b9245e8d266f0f112c500d50e5b4e83cb6f3b71b6528104182a/requests-2.34.2-py3-none-any.whl,passed ca3 and ca4; independent fresh uncached hash-required installs,passed ca3 and ca4: requests,Exact selected CPython3.14.8/Linuxamd64/Bookworm wheel combination only; no Azure service operations or production worker/parser proof
pyarrow,25.0.1,direct,>=3.10,pyarrow-25.0.1-cp314-cp314-manylinux_2_28_x86_64.whl,cp314-cp314-manylinux_2_28_x86_64,9171748cdf796972d85a4b60157c279913e242992e350c90c7450182a9838b2a,https://files.pythonhosted.org/packages/8d/61/1c5d1229fa21da4cff5365e41e57177aaac57c563c727f35419b8513d1c1/pyarrow-25.0.1-cp314-cp314-manylinux_2_28_x86_64.whl,passed ca3 and ca4; independent fresh uncached hash-required installs,"passed ca3 and ca4: pyarrow,pyarrow.parquet",Exact selected CPython3.14.8/Linuxamd64/Bookworm wheel combination only; no Azure service operations or production worker/parser proof
charset-normalizer,3.5.2,transitive,>=3.7,charset_normalizer-3.5.2-cp314-cp314-manylinux2014_x86_64.manylinux_2_17_x86_64.manylinux_2_28_x86_64.whl,cp314-cp314-manylinux_2_17_x86_64;cp314-cp314-manylinux2014_x86_64;cp314-cp314-manylinux_2_28_x86_64,34276fd796040bf0993ab33a369aa572e6979c7aab225a88893667ad8eac8f7a,https://files.pythonhosted.org/packages/18/24/bad3ac4271589df29cf5ce2f5ae490518a5739358052bd0d61209e6fea54/charset_normalizer-3.5.2-cp314-cp314-manylinux2014_x86_64.manylinux_2_17_x86_64.manylinux_2_28_x86_64.whl,passed ca3 and ca4; independent fresh uncached hash-required installs,passed ca3 and ca4: charset_normalizer,Exact selected CPython3.14.8/Linuxamd64/Bookworm wheel combination only; no Azure service operations or production worker/parser proof
idna,3.20,transitive,>=3.9,idna-3.20-py3-none-any.whl,py3-none-any,ab7ae7122974553370f0bdb919e1a960b2cd1bc1ef0276416d896db81c14582c,https://files.pythonhosted.org/packages/58/a2/bb081bab032533a855d44de1d56f8e8426114ff1ba5d1f07a438a0a654f8/idna-3.20-py3-none-any.whl,passed ca3 and ca4; independent fresh uncached hash-required installs,passed ca3 and ca4: idna,Exact selected CPython3.14.8/Linuxamd64/Bookworm wheel combination only; no Azure service operations or production worker/parser proof
urllib3,2.8.0,transitive,>=3.10,urllib3-2.8.0-py3-none-any.whl,py3-none-any,0cf3cae568d36aa9576b28dfb35f11328f1cb974ca7647d9475ebb86c75ac6e3,https://files.pythonhosted.org/packages/92/9d/c4e665119135114480843e7ab388fa94d8480650450e6f8e26b70d323a4c/urllib3-2.8.0-py3-none-any.whl,passed ca3 and ca4; independent fresh uncached hash-required installs,passed ca3 and ca4: urllib3,Exact selected CPython3.14.8/Linuxamd64/Bookworm wheel combination only; no Azure service operations or production worker/parser proof
azure-core,1.41.0,transitive,>=3.10,azure_core-1.41.0-py3-none-any.whl,py3-none-any,522b4011e8180b1a3dcd2024396a4e7fe9ac37fb8597db47163d230b5efe892d,https://files.pythonhosted.org/packages/5b/db/325c6d7312d2200251c52323878281045aaffcb5586612296484e4280eaa/azure_core-1.41.0-py3-none-any.whl,passed ca3 and ca4; independent fresh uncached hash-required installs,passed ca3 and ca4: azure.core,Exact selected CPython3.14.8/Linuxamd64/Bookworm wheel combination only; no Azure service operations or production worker/parser proof
certifi,2026.7.22,transitive,>=3.7,certifi-2026.7.22-py3-none-any.whl,py3-none-any,62f22742b58a1a33014a2b6b706588a8d7e2a88ae7bd1a6ebe8c992928483775,https://files.pythonhosted.org/packages/0b/a7/71ac2cff56fec219ed242bb11b8efb69fcc4bec75db06fb7bfe35de520e6/certifi-2026.7.22-py3-none-any.whl,passed ca3 and ca4; independent fresh uncached hash-required installs,passed ca3 and ca4: certifi,Exact selected CPython3.14.8/Linuxamd64/Bookworm wheel combination only; no Azure service operations or production worker/parser proof
cryptography,50.0.2,transitive,">=3.9, !=3.9.0, !=3.9.1",cryptography-50.0.2-cp311-abi3-manylinux_2_34_x86_64.whl,cp311-abi3-manylinux_2_34_x86_64,9dab55f57c74c3cad24c323bacbbd04be4705ba6eb0d92e920b1fc4837ed5079,https://files.pythonhosted.org/packages/d3/69/2c833a049475e0a3444e94c7d0aca0aa51d166374a449b09e92ac98138de/cryptography-50.0.2-cp311-abi3-manylinux_2_34_x86_64.whl,passed ca3 and ca4; independent fresh uncached hash-required installs,"passed ca3 and ca4: cryptography,cryptography.hazmat.bindings._rust",Exact selected CPython3.14.8/Linuxamd64/Bookworm wheel combination only; no Azure service operations or production worker/parser proof
cffi,2.1.1,transitive,>=3.10,cffi-2.1.1-cp314-cp314-manylinux2014_x86_64.manylinux_2_17_x86_64.whl,cp314-cp314-manylinux_2_17_x86_64;cp314-cp314-manylinux2014_x86_64,b0431303acaea1089ad4b3e9ce4e6518193def1118d4073ca848635ee4ea2e96,https://files.pythonhosted.org/packages/e9/02/4e7d553a7ac4b4238b38b3c1b80d486e9d4436f8d2acbf87a0997fe3f402/cffi-2.1.1-cp314-cp314-manylinux2014_x86_64.manylinux_2_17_x86_64.whl,passed ca3 and ca4; independent fresh uncached hash-required installs,"passed ca3 and ca4: cffi,_cffi_backend",Exact selected CPython3.14.8/Linuxamd64/Bookworm wheel combination only; no Azure service operations or production worker/parser proof
isodate,0.7.2,transitive,>=3.7,isodate-0.7.2-py3-none-any.whl,py3-none-any,28009937d8031054830160fce6d409ed342816b543597cece116d966c6d99e15,https://files.pythonhosted.org/packages/15/aa/0aca39a37d3c7eb941ba736ede56d689e7be91cab5d9ca846bde3999eba6/isodate-0.7.2-py3-none-any.whl,passed ca3 and ca4; independent fresh uncached hash-required installs,passed ca3 and ca4: isodate,Exact selected CPython3.14.8/Linuxamd64/Bookworm wheel combination only; no Azure service operations or production worker/parser proof
msal,1.39.0,transitive,>=3.9,msal-1.39.0-py3-none-any.whl,py3-none-any,2d2577886906cd7293850dffa2da29119966c213bfc6ec0cecf8bf7621e1ca77,https://files.pythonhosted.org/packages/a4/32/178457385925ce301c7b3232bd85665d4df57da39568b62dcfc74031873f/msal-1.39.0-py3-none-any.whl,passed ca3 and ca4; independent fresh uncached hash-required installs,passed ca3 and ca4: msal,Exact selected CPython3.14.8/Linuxamd64/Bookworm wheel combination only; no Azure service operations or production worker/parser proof
PyJWT,2.15.1,transitive,>=3.9,pyjwt-2.15.1-py3-none-any.whl,py3-none-any,42d59d631f7768a1028a64c7ff581a9bf7519804daf91fc5b6c56e30eec5e193,https://files.pythonhosted.org/packages/50/ca/44de4e75f8aadc457f0634be3b542815078ded46dca30efb960edeecad6e/pyjwt-2.15.1-py3-none-any.whl,passed ca3 and ca4; independent fresh uncached hash-required installs,passed ca3 and ca4: jwt,Exact selected CPython3.14.8/Linuxamd64/Bookworm wheel combination only; no Azure service operations or production worker/parser proof
msal-extensions,1.3.1,transitive,>=3.9,msal_extensions-1.3.1-py3-none-any.whl,py3-none-any,96d3de4d034504e969ac5e85bae8106c8373b5c6568e4c8fa7af2eca9dbe6bca,https://files.pythonhosted.org/packages/5e/75/bd9b7bb966668920f06b200e84454c8f3566b102183bc55c5473d96cb2b9/msal_extensions-1.3.1-py3-none-any.whl,passed ca3 and ca4; independent fresh uncached hash-required installs,passed ca3 and ca4: msal_extensions,Exact selected CPython3.14.8/Linuxamd64/Bookworm wheel combination only; no Azure service operations or production worker/parser proof
typing_extensions,4.16.0,transitive,>=3.9,typing_extensions-4.16.0-py3-none-any.whl,py3-none-any,481caa481374e813c1b176ada14e97f1f67a4539ce9cfeb3f350d78d6370c2e8,https://files.pythonhosted.org/packages/49/d3/b8441a820a491ddfc024b0b0cf0393375b75ea13866d9c66727e54c2fc80/typing_extensions-4.16.0-py3-none-any.whl,passed ca3 and ca4; independent fresh uncached hash-required installs,passed ca3 and ca4: typing_extensions,Exact selected CPython3.14.8/Linuxamd64/Bookworm wheel combination only; no Azure service operations or production worker/parser proof
yarl,1.25.1,transitive,>=3.10,yarl-1.25.1-cp314-cp314-manylinux2014_x86_64.manylinux_2_17_x86_64.manylinux_2_28_x86_64.whl,cp314-cp314-manylinux_2_17_x86_64;cp314-cp314-manylinux2014_x86_64;cp314-cp314-manylinux_2_28_x86_64,30eec96e8a91bd588ce897c9543f6d5d8d34b28fbcba28a4dedf20ebeae9fe57,https://files.pythonhosted.org/packages/a2/be/415b00c0fe5a0615b062a456b26623d7ec91c2bee20faea1a14045aa0469/yarl-1.25.1-cp314-cp314-manylinux2014_x86_64.manylinux_2_17_x86_64.manylinux_2_28_x86_64.whl,passed ca3 and ca4; independent fresh uncached hash-required installs,passed ca3 and ca4: yarl,Exact selected CPython3.14.8/Linuxamd64/Bookworm wheel combination only; no Azure service operations or production worker/parser proof
multidict,7.0.0,transitive,>=3.10,multidict-7.0.0-cp314-cp314-manylinux2014_x86_64.manylinux_2_17_x86_64.manylinux_2_28_x86_64.whl,cp314-cp314-manylinux_2_17_x86_64;cp314-cp314-manylinux2014_x86_64;cp314-cp314-manylinux_2_28_x86_64,eab61ed8ca26f4e5f846642c04af0ade0212923607536644730249f6adbb7d39,https://files.pythonhosted.org/packages/7d/8d/39dfaa9f27b70f9227ba262cdd65e3f573c3da0d54d54b130608019f2242/multidict-7.0.0-cp314-cp314-manylinux2014_x86_64.manylinux_2_17_x86_64.manylinux_2_28_x86_64.whl,passed ca3 and ca4; independent fresh uncached hash-required installs,passed ca3 and ca4: multidict,Exact selected CPython3.14.8/Linuxamd64/Bookworm wheel combination only; no Azure service operations or production worker/parser proof
propcache,0.5.4,transitive,>=3.10,propcache-0.5.4-cp314-cp314-manylinux2014_x86_64.manylinux_2_17_x86_64.manylinux_2_28_x86_64.whl,cp314-cp314-manylinux_2_17_x86_64;cp314-cp314-manylinux2014_x86_64;cp314-cp314-manylinux_2_28_x86_64,cc07876cfb079b6f6f36d21ce75784ad6c2c6b563eeac0ed26c2fa2669b85df9,https://files.pythonhosted.org/packages/96/d3/e97cd6f5de2176bd90ed4076c7a9b5e09d0f0b9687d00a576507988bb62c/propcache-0.5.4-cp314-cp314-manylinux2014_x86_64.manylinux_2_17_x86_64.manylinux_2_28_x86_64.whl,passed ca3 and ca4; independent fresh uncached hash-required installs,passed ca3 and ca4: propcache,Exact selected CPython3.14.8/Linuxamd64/Bookworm wheel combination only; no Azure service operations or production worker/parser proof
pycparser,3.0,transitive,>=3.10,pycparser-3.0-py3-none-any.whl,py3-none-any,b727414169a36b7d524c1c3e31839a521725078d7b2ff038656844266160a992,https://files.pythonhosted.org/packages/0c/c3/44f3fbbfa403ea2a7c779186dc20772604442dde72947e7d01069cbe98e3/pycparser-3.0-py3-none-any.whl,passed ca3 and ca4; independent fresh uncached hash-required installs,passed ca3 and ca4: pycparser,Exact selected CPython3.14.8/Linuxamd64/Bookworm wheel combination only; no Azure service operations or production worker/parser proof
