attempt_id,issuer,start_utc,end_utc,url,status,received_bytes,body_sha256,response_headers_artifact,exit_code,retry_reason,next_allowed_at,outcome
SEC-0001,root chat only,2026-10-05T23:40:55.719261+00:00,2026-10-05T23:40:55.975754+00:00,https://www.sec.gov/Archives/edgar/full-index/index.json,200,5569,e658f0319201d29647e0d35e1416a2c9e5516f798fc692a0a0e03c842dca09c0,listings/SEC-0001.headers.json,0,,2026-10-05T23:40:56.059261+00:00,success
SEC-0002,root chat only,2026-10-05T23:40:56.062870+00:00,2026-10-05T23:40:56.169832+00:00,https://www.sec.gov/Archives/edgar/full-index/2010/index.json,200,480,323453899790aad4c2b6a359cc16e1fe42c0bbe20ef0470359652fb173e75dc2,listings/SEC-0002.headers.json,0,,2026-10-05T23:40:56.402870+00:00,success
SEC-0003,root chat only,2026-10-05T23:40:56.407966+00:00,2026-10-05T23:40:56.609478+00:00,https://www.sec.gov/Archives/edgar/full-index/2010/QTR1/index.json,200,4254,67dfc9c726f4d77949cb93bf270b16664ed0b4f4026b8cec73e08e27104f011c,listings/SEC-0003.headers.json,0,,2026-10-05T23:40:56.747966+00:00,success
SEC-0004,root chat only,2026-10-05T23:40:56.753051+00:00,2026-10-05T23:40:56.925594+00:00,https://www.sec.gov/Archives/edgar/full-index/2010/QTR2/index.json,200,3951,a8b757830dbe2d5ab5dd9ec5245eb9781b21a1822b1aa27bda9095bcb830492e,listings/SEC-0004.headers.json,0,,2026-10-05T23:40:57.093051+00:00,success
SEC-0005,root chat only,2026-10-05T23:40:57.098138+00:00,2026-10-05T23:40:57.265121+00:00,https://www.sec.gov/Archives/edgar/full-index/2010/QTR3/index.json,200,3652,608d49a74052d2a026bac074d02177c6b4723ee4bc2cb470c47671b2f9baac56,listings/SEC-0005.headers.json,0,,2026-10-05T23:40:57.438138+00:00,success
SEC-0006,root chat only,2026-10-05T23:40:57.442128+00:00,2026-10-05T23:40:57.687057+00:00,https://www.sec.gov/Archives/edgar/full-index/2010/QTR4/index.json,200,3802,e140ca707f9cea019f15dbefc2dfd349c1e02da6d93b043a8953d6e3402771fa,listings/SEC-0006.headers.json,0,,2026-10-05T23:40:57.782128+00:00,success
SEC-0007,root chat only,2026-10-05T23:40:57.787213+00:00,2026-10-05T23:40:57.883320+00:00,https://www.sec.gov/Archives/edgar/full-index/2011/index.json,200,480,89fd1ea3ec672e23ee4e3bc3873f359df52b44132960d400e93aa52913fd6425,listings/SEC-0007.headers.json,0,,2026-10-05T23:40:58.127213+00:00,success
SEC-0008,root chat only,2026-10-05T23:40:58.132322+00:00,2026-10-05T23:40:58.310870+00:00,https://www.sec.gov/Archives/edgar/full-index/2011/QTR1/index.json,200,4256,d68dafeed9261fbaf50e34479f529555f6d48e7c46ed77dcdb13315b0eec8491,listings/SEC-0008.headers.json,0,,2026-10-05T23:40:58.472322+00:00,success
SEC-0009,root chat only,2026-10-05T23:40:58.477022+00:00,2026-10-05T23:40:58.750537+00:00,https://www.sec.gov/Archives/edgar/full-index/2011/QTR2/index.json,200,3952,c3382240ca2e4fe88d879f2faa4c8ec6f5b87328bf5bceb157c31c7cad3c9e8c,listings/SEC-0009.headers.json,0,,2026-10-05T23:40:58.817022+00:00,success
SEC-0010,root chat only,2026-10-05T23:40:58.820412+00:00,2026-10-05T23:40:59.004827+00:00,https://www.sec.gov/Archives/edgar/full-index/2011/QTR3/index.json,200,3656,4f0c525237defeadb50745cdf1e43b01df0b2537e38bcbaaf9ac11f563743de7,listings/SEC-0010.headers.json,0,,2026-10-05T23:40:59.160412+00:00,success
SEC-0011,root chat only,2026-10-05T23:40:59.165508+00:00,2026-10-05T23:40:59.360332+00:00,https://www.sec.gov/Archives/edgar/full-index/2011/QTR4/index.json,200,3656,86ea5b5f9ec1248503ccb9a210f0e0bbc4a231f9159322f664ce82627e928de8,listings/SEC-0011.headers.json,0,,2026-10-05T23:40:59.505508+00:00,success
SEC-0012,root chat only,2026-10-05T23:40:59.508997+00:00,2026-10-05T23:40:59.739439+00:00,https://www.sec.gov/Archives/edgar/full-index/2012/index.json,200,480,26538ab74436c5574f8388d3bb9c9a527f391a08ff52403cef2de1b19e5393d4,listings/SEC-0012.headers.json,0,,2026-10-05T23:40:59.848997+00:00,success
SEC-0013,root chat only,2026-10-05T23:40:59.851667+00:00,2026-10-05T23:41:00.030613+00:00,https://www.sec.gov/Archives/edgar/full-index/2012/QTR1/index.json,200,4260,6eac023a8680f38e2402c0e4ddc1fa0aa0338de7040d392b116bb87c2d8bd59a,listings/SEC-0013.headers.json,0,,2026-10-05T23:41:00.191667+00:00,success
SEC-0014,root chat only,2026-10-05T23:41:00.196761+00:00,2026-10-05T23:41:00.365071+00:00,https://www.sec.gov/Archives/edgar/full-index/2012/QTR2/index.json,200,3956,cc8dd7d6bcbb50b3f626c3ddc44b60b91d1c2e62e9500d8242f99044f1fc17b2,listings/SEC-0014.headers.json,0,,2026-10-05T23:41:00.536761+00:00,success
SEC-0015,root chat only,2026-10-05T23:41:00.541626+00:00,2026-10-05T23:41:00.728943+00:00,https://www.sec.gov/Archives/edgar/full-index/2012/QTR3/index.json,200,3511,611bd6e656440c701e671638df30ee60d88bb1604107da16ea80335ee61bd589,listings/SEC-0015.headers.json,0,,2026-10-05T23:41:00.881626+00:00,success
SEC-0016,root chat only,2026-10-05T23:41:00.881800+00:00,2026-10-05T23:41:01.064048+00:00,https://www.sec.gov/Archives/edgar/full-index/2012/QTR4/index.json,200,3661,12f96eff44ad923a2346617dfcafd8796a8c12ef8b2cc8f32386a0698bb4796a,listings/SEC-0016.headers.json,0,,2026-10-05T23:41:01.221800+00:00,success
SEC-0017,root chat only,2026-10-05T23:41:01.224079+00:00,2026-10-05T23:41:01.468688+00:00,https://www.sec.gov/Archives/edgar/full-index/2013/index.json,200,480,6eae48f6f52ed05195e3b5ca0672736df4b7da83d4ae4362903ef428498a3b71,listings/SEC-0017.headers.json,0,,2026-10-05T23:41:01.564079+00:00,success
SEC-0018,root chat only,2026-10-05T23:41:01.569188+00:00,2026-10-05T23:41:01.772236+00:00,https://www.sec.gov/Archives/edgar/full-index/2013/QTR1/index.json,200,4115,0b1b4190e14f93839aaddd0016daabf951eb3d12ba7f6778f76473b88ec4eef1,listings/SEC-0018.headers.json,0,,2026-10-05T23:41:01.909188+00:00,success
SEC-0019,root chat only,2026-10-05T23:41:01.914253+00:00,2026-10-05T23:41:02.083551+00:00,https://www.sec.gov/Archives/edgar/full-index/2013/QTR2/index.json,200,3812,12855c2495f6633a5c9c11e4267ecc4f46e51682f6eb9110ff31d36be1f61d6c,listings/SEC-0019.headers.json,0,,2026-10-05T23:41:02.254253+00:00,success
SEC-0020,root chat only,2026-10-05T23:41:02.257411+00:00,2026-10-05T23:41:02.464353+00:00,https://www.sec.gov/Archives/edgar/full-index/2013/QTR3/index.json,200,3661,2f9b998a452414cf0cbecf040c34e8291c918cb6e91c1cfea1c2aa9d681c64fa,listings/SEC-0020.headers.json,0,,2026-10-05T23:41:02.597411+00:00,success
SEC-0021,root chat only,2026-10-05T23:41:02.602509+00:00,2026-10-05T23:41:02.827441+00:00,https://www.sec.gov/Archives/edgar/full-index/2013/QTR4/index.json,200,3661,b24f0e06690dde838f83b631746ad986ca0238cda104dc4c3a548239a1d9fef0,listings/SEC-0021.headers.json,0,,2026-10-05T23:41:02.942509+00:00,success
SEC-0022,root chat only,2026-10-05T23:41:02.947587+00:00,2026-10-05T23:41:03.034394+00:00,https://www.sec.gov/Archives/edgar/full-index/2014/index.json,200,480,e54f525c86a169fafcb0fdcf7e5b91a9204aa5e5e04be8bb234aa9a5a2e19f74,listings/SEC-0022.headers.json,0,,2026-10-05T23:41:03.287587+00:00,success
SEC-0023,root chat only,2026-10-05T23:41:03.292697+00:00,2026-10-05T23:41:03.483057+00:00,https://www.sec.gov/Archives/edgar/full-index/2014/QTR1/index.json,200,4115,9fd81d0dbc7e83cfc766d86c5df9fa3b68df2cbdd743f7d210eef883ebf344ea,listings/SEC-0023.headers.json,0,,2026-10-05T23:41:03.632697+00:00,success
SEC-0024,root chat only,2026-10-05T23:41:03.637778+00:00,2026-10-05T23:41:03.841789+00:00,https://www.sec.gov/Archives/edgar/full-index/2014/QTR2/index.json,200,3811,d7173da6aeb79eeb15eafb6e0391a117009508122e32814700a5caa39d68ab98,listings/SEC-0024.headers.json,0,,2026-10-05T23:41:03.977778+00:00,success
SEC-0025,root chat only,2026-10-05T23:41:03.981982+00:00,2026-10-05T23:41:04.209792+00:00,https://www.sec.gov/Archives/edgar/full-index/2014/QTR3/index.json,200,3361,e80de3cb3473f8fc8dd4eb1d8fc52cd1c3f8455bde611398ccfc94d9274da4aa,listings/SEC-0025.headers.json,0,,2026-10-05T23:41:04.321982+00:00,success
SEC-0026,root chat only,2026-10-05T23:41:04.327027+00:00,2026-10-05T23:41:04.511752+00:00,https://www.sec.gov/Archives/edgar/full-index/2014/QTR4/index.json,200,2286,efef14fcb7ba1fbd5a9721a90a1fec31df6a26276e3b44936c4e57d0517bb76b,listings/SEC-0026.headers.json,0,,2026-10-05T23:41:04.667027+00:00,success
SEC-0027,root chat only,2026-10-05T23:41:04.672136+00:00,2026-10-05T23:41:04.794097+00:00,https://www.sec.gov/Archives/edgar/full-index/2015/index.json,200,480,69e1b884084e126a129923ebbd9f97dd92c1f50d8477a66c43ccd84783f7b7ec,listings/SEC-0027.headers.json,0,,2026-10-05T23:41:05.012136+00:00,success
SEC-0028,root chat only,2026-10-05T23:41:05.017218+00:00,2026-10-05T23:41:05.244287+00:00,https://www.sec.gov/Archives/edgar/full-index/2015/QTR1/index.json,200,3658,f67b224609da652a129018d9858e6650ee92fdfa5729b27c0f5007f19b0d9c27,listings/SEC-0028.headers.json,0,,2026-10-05T23:41:05.357218+00:00,success
SEC-0029,root chat only,2026-10-05T23:41:05.362296+00:00,2026-10-05T23:41:05.682267+00:00,https://www.sec.gov/Archives/edgar/full-index/2015/QTR2/index.json,200,3354,0667a6e42e432ff911ff4181669d2a9252c8dfbe37206844a672dfc4c5bdcaa4,listings/SEC-0029.headers.json,0,,2026-10-05T23:41:05.702296+00:00,success
SEC-0030,root chat only,2026-10-05T23:41:05.705585+00:00,2026-10-05T23:41:05.916888+00:00,https://www.sec.gov/Archives/edgar/full-index/2015/QTR3/index.json,200,3054,817ab528f6a6e8b8379e8b4a9d08284c6b790c9ea4516525dfa8c81f31a5775a,listings/SEC-0030.headers.json,0,,2026-10-05T23:41:06.045585+00:00,success
SEC-0031,root chat only,2026-10-05T23:41:06.046877+00:00,2026-10-05T23:41:06.271985+00:00,https://www.sec.gov/Archives/edgar/full-index/2015/QTR4/index.json,200,3054,019abb197d64adb4306664ef781361485f7a11e171d743f38024cbaec4693d9f,listings/SEC-0031.headers.json,0,,2026-10-05T23:41:06.386877+00:00,success
SEC-0032,root chat only,2026-10-05T23:41:06.390951+00:00,2026-10-05T23:41:06.600025+00:00,https://www.sec.gov/Archives/edgar/full-index/2016/index.json,200,480,70e943866d63ad56945598dd996f4f1ec481939722c75fe91d2b3d45b79debde,listings/SEC-0032.headers.json,0,,2026-10-05T23:41:06.730951+00:00,success
SEC-0033,root chat only,2026-10-05T23:41:06.735063+00:00,2026-10-05T23:41:06.952421+00:00,https://www.sec.gov/Archives/edgar/full-index/2016/QTR1/index.json,200,3659,a508699e32c7af60652be5f6e13bdf05f7f2673b0d4d0c62f97902358cb59d2f,listings/SEC-0033.headers.json,0,,2026-10-05T23:41:07.075063+00:00,success
SEC-0034,root chat only,2026-10-05T23:41:07.080117+00:00,2026-10-05T23:41:07.236636+00:00,https://www.sec.gov/Archives/edgar/full-index/2016/QTR2/index.json,200,3205,f8383156130ae1ec7a272e8238468ec4b193b22619ca22799af14172442f51ca,listings/SEC-0034.headers.json,0,,2026-10-05T23:41:07.420117+00:00,success
SEC-0035,root chat only,2026-10-05T23:41:07.424096+00:00,2026-10-05T23:41:07.597281+00:00,https://www.sec.gov/Archives/edgar/full-index/2016/QTR3/index.json,200,3054,f01ec5f80b5e1c4d0c7d660e4bb9966234ba543b85b2e2b54c710f7bf86d36ff,listings/SEC-0035.headers.json,0,,2026-10-05T23:41:07.764096+00:00,success
SEC-0036,root chat only,2026-10-05T23:41:07.768314+00:00,2026-10-05T23:41:07.940333+00:00,https://www.sec.gov/Archives/edgar/full-index/2016/QTR4/index.json,200,3054,0d910ed789505fdd17d8ece396ade2da273fd95067e3dcdfe452210c52b122e9,listings/SEC-0036.headers.json,0,,2026-10-05T23:41:08.108314+00:00,success
SEC-0037,root chat only,2026-10-05T23:41:08.113387+00:00,2026-10-05T23:41:08.227198+00:00,https://www.sec.gov/Archives/edgar/full-index/2017/index.json,200,480,edbebd1041688be5af8d4e6a43fa54af3a405729acd44ea0655b505852c0f5ef,listings/SEC-0037.headers.json,0,,2026-10-05T23:41:08.453387+00:00,success
SEC-0038,root chat only,2026-10-05T23:41:08.457716+00:00,2026-10-05T23:41:08.641061+00:00,https://www.sec.gov/Archives/edgar/full-index/2017/QTR1/index.json,200,3658,4e0f6912893f845f41ad3e0795003584b16c733e6349c63bb48ed7246a1f0f42,listings/SEC-0038.headers.json,0,,2026-10-05T23:41:08.797716+00:00,success
SEC-0039,root chat only,2026-10-05T23:41:08.802806+00:00,2026-10-05T23:41:08.981591+00:00,https://www.sec.gov/Archives/edgar/full-index/2017/QTR2/index.json,200,3354,5b8ee0819575b908127492a5d6e19f76583306c0e2955984cf35eeb82626391a,listings/SEC-0039.headers.json,0,,2026-10-05T23:41:09.142806+00:00,success
SEC-0040,root chat only,2026-10-05T23:41:09.147859+00:00,2026-10-05T23:41:09.361123+00:00,https://www.sec.gov/Archives/edgar/full-index/2017/QTR3/index.json,200,3055,750fcf9ed908af8ee5eea54f89538125c806be5886062dbdd1e45ba5d393426f,listings/SEC-0040.headers.json,0,,2026-10-05T23:41:09.487859+00:00,success
SEC-0041,root chat only,2026-10-05T23:41:09.492916+00:00,2026-10-05T23:41:09.671169+00:00,https://www.sec.gov/Archives/edgar/full-index/2017/QTR4/index.json,200,3054,8e16cf6c0b1174ed2ef02448b74e3cfb9e4eca29b398d512613b42f788482eea,listings/SEC-0041.headers.json,0,,2026-10-05T23:41:09.832916+00:00,success
SEC-0042,root chat only,2026-10-05T23:41:09.834165+00:00,2026-10-05T23:41:09.973056+00:00,https://www.sec.gov/Archives/edgar/full-index/2018/index.json,200,480,9abf01b18ec594c4dcfdf29d671c4b8cf94bfdf5a85624590601842179831335,listings/SEC-0042.headers.json,0,,2026-10-05T23:41:10.174165+00:00,success
SEC-0043,root chat only,2026-10-05T23:41:10.177886+00:00,2026-10-05T23:41:10.322195+00:00,https://www.sec.gov/Archives/edgar/full-index/2018/QTR1/index.json,200,3657,f65d367cb96bd58468a918c088d6c372ff1700753ec649b33c8379e4c7fd58dc,listings/SEC-0043.headers.json,0,,2026-10-05T23:41:10.517886+00:00,success
SEC-0044,root chat only,2026-10-05T23:41:10.522977+00:00,2026-10-05T23:41:10.685324+00:00,https://www.sec.gov/Archives/edgar/full-index/2018/QTR2/index.json,200,3354,978fe9a25a4c9aa5b334123f4396235d9c59f90ae64bfe90bd18c980c2bf8ba9,listings/SEC-0044.headers.json,0,,2026-10-05T23:41:10.862977+00:00,success
SEC-0045,root chat only,2026-10-05T23:41:10.868055+00:00,2026-10-05T23:41:11.022621+00:00,https://www.sec.gov/Archives/edgar/full-index/2018/QTR3/index.json,200,3054,abfae07370d834ae9df1e6f21c5e98d3c30bdd3c1c39daee80988f2122cb23ca,listings/SEC-0045.headers.json,0,,2026-10-05T23:41:11.208055+00:00,success
SEC-0046,root chat only,2026-10-05T23:41:11.213089+00:00,2026-10-05T23:41:11.411868+00:00,https://www.sec.gov/Archives/edgar/full-index/2018/QTR4/index.json,200,3054,b8687a982056a07e992c1d94dd2ac250dfd0d5894515f1a229a0845069cb2e77,listings/SEC-0046.headers.json,0,,2026-10-05T23:41:11.553089+00:00,success
SEC-0047,root chat only,2026-10-05T23:41:11.558132+00:00,2026-10-05T23:41:11.679120+00:00,https://www.sec.gov/Archives/edgar/full-index/2019/index.json,200,480,932cd42fd0d7851449b16b94bee40081241d58aa32e2d92284497cf8ca62ce37,listings/SEC-0047.headers.json,0,,2026-10-05T23:41:11.898132+00:00,success
SEC-0048,root chat only,2026-10-05T23:41:11.898500+00:00,2026-10-05T23:41:12.109380+00:00,https://www.sec.gov/Archives/edgar/full-index/2019/QTR1/index.json,200,3506,0f962004a5f9d320d074c5180aa78c2b954b55e72e24623657df3992e553b986,listings/SEC-0048.headers.json,0,,2026-10-05T23:41:12.238500+00:00,success
SEC-0049,root chat only,2026-10-05T23:41:12.242298+00:00,2026-10-05T23:41:12.395487+00:00,https://www.sec.gov/Archives/edgar/full-index/2019/QTR2/index.json,200,3354,1f70c97b40743ade02d860ce59c117c2378a9327d78489fbbbb109b7ffe8a8f7,listings/SEC-0049.headers.json,0,,2026-10-05T23:41:12.582298+00:00,success
SEC-0050,root chat only,2026-10-05T23:41:12.587371+00:00,2026-10-05T23:41:12.782595+00:00,https://www.sec.gov/Archives/edgar/full-index/2019/QTR3/index.json,200,3054,661916c73d40d1585e14595ee747691ad75680b6bcb05db99acf557b4b7c8168,listings/SEC-0050.headers.json,0,,2026-10-05T23:41:12.927371+00:00,success
SEC-0051,root chat only,2026-10-05T23:41:12.930361+00:00,2026-10-05T23:41:13.171596+00:00,https://www.sec.gov/Archives/edgar/full-index/2019/QTR4/index.json,200,3055,45d6fe4156764be474e339d1bd20ce91c768f1569dd41c34df724983d2b3c535,listings/SEC-0051.headers.json,0,,2026-10-05T23:41:13.270361+00:00,success
SEC-0052,root chat only,2026-10-05T23:41:13.270865+00:00,2026-10-05T23:41:13.551670+00:00,https://www.sec.gov/Archives/edgar/full-index/2020/index.json,200,480,aa1bae31417f8e62c67f40cbe224dc28630b54843d6d0a41cc43a80db7213e76,listings/SEC-0052.headers.json,0,,2026-10-05T23:41:13.610865+00:00,success
SEC-0053,root chat only,2026-10-05T23:41:13.615909+00:00,2026-10-05T23:41:13.774954+00:00,https://www.sec.gov/Archives/edgar/full-index/2020/QTR1/index.json,200,3659,36200168d82cfb37206476362f7a916f0a4b62136039d622e7aa4b0ddf53e0b3,listings/SEC-0053.headers.json,0,,2026-10-05T23:41:13.955909+00:00,success
SEC-0054,root chat only,2026-10-05T23:41:13.958686+00:00,2026-10-05T23:41:14.182712+00:00,https://www.sec.gov/Archives/edgar/full-index/2020/QTR2/index.json,200,3355,5ff861d1c3d9ec057a33a329eb11c9d76ef6192a000618d54708f24bc30265da,listings/SEC-0054.headers.json,0,,2026-10-05T23:41:14.298686+00:00,success
SEC-0055,root chat only,2026-10-05T23:41:14.299259+00:00,2026-10-05T23:41:14.565286+00:00,https://www.sec.gov/Archives/edgar/full-index/2020/QTR3/index.json,200,3205,c90bc90d02027327e20ce17a3b38fd4ab008742462ca8ae2b2e839906118a0c7,listings/SEC-0055.headers.json,0,,2026-10-05T23:41:14.639259+00:00,success
SEC-0056,root chat only,2026-10-05T23:41:14.641432+00:00,2026-10-05T23:41:14.851990+00:00,https://www.sec.gov/Archives/edgar/full-index/2020/QTR4/index.json,200,3205,0a7ccda808ea62f868d742ffe1a0c607238e174dd570d045436d6fe1d39bc8f5,listings/SEC-0056.headers.json,0,,2026-10-05T23:41:14.981432+00:00,success
SEC-0057,root chat only,2026-10-05T23:41:14.986530+00:00,2026-10-05T23:41:15.108358+00:00,https://www.sec.gov/Archives/edgar/full-index/2021/index.json,200,480,90bbab0130f5fcaaa0b6c4d89ab56329bc42015eaaf972739c83454072ea4410,listings/SEC-0057.headers.json,0,,2026-10-05T23:41:15.326530+00:00,success
SEC-0058,root chat only,2026-10-05T23:41:15.331619+00:00,2026-10-05T23:41:15.481042+00:00,https://www.sec.gov/Archives/edgar/full-index/2021/QTR1/index.json,200,3811,703297ee6ed30aec521cf2ba199ccb0bec656a73ad1aa4c569541b89a032fe74,listings/SEC-0058.headers.json,0,,2026-10-05T23:41:15.671619+00:00,success
SEC-0059,root chat only,2026-10-05T23:41:15.675824+00:00,2026-10-05T23:41:15.915771+00:00,https://www.sec.gov/Archives/edgar/full-index/2021/QTR2/index.json,200,3507,425ad2f288fd451729b63f8dd9d908310fa2598616ef42ad1061f99437bf30cc,listings/SEC-0059.headers.json,0,,2026-10-05T23:41:16.015824+00:00,success
SEC-0060,root chat only,2026-10-05T23:41:16.020926+00:00,2026-10-05T23:41:16.418191+00:00,https://www.sec.gov/Archives/edgar/full-index/2021/QTR3/index.json,200,3355,686b916437a61a5e4457f00db5f66e9cd56b2b83ac03b26342d2e86b010379b2,listings/SEC-0060.headers.json,0,,2026-10-05T23:41:16.360926+00:00,success
SEC-0061,root chat only,2026-10-05T23:41:16.421466+00:00,2026-10-05T23:41:16.605403+00:00,https://www.sec.gov/Archives/edgar/full-index/2021/QTR4/index.json,200,3355,211fdec59103d158c2759140661c392363413ea7e4c88b60a8fe8ef938a99ef4,listings/SEC-0061.headers.json,0,,2026-10-05T23:41:16.761466+00:00,success
SEC-0062,root chat only,2026-10-05T23:41:16.766531+00:00,2026-10-05T23:41:16.906199+00:00,https://www.sec.gov/Archives/edgar/full-index/2022/index.json,200,704,f0347ff990a6d1f97da6525cb69d5732329cf4d311e2639566f28f3ccb91b3ad,listings/SEC-0062.headers.json,0,,2026-10-05T23:41:17.106531+00:00,success
SEC-0063,root chat only,2026-10-05T23:41:17.108350+00:00,2026-10-05T23:41:17.276111+00:00,https://www.sec.gov/Archives/edgar/full-index/2022/QTR1/index.json,200,3811,08d94e32ea825f5bc56ecb74b8cbb1c68e33c25a7caede129f8687c3e6790d7b,listings/SEC-0063.headers.json,0,,2026-10-05T23:41:17.448350+00:00,success
SEC-0064,root chat only,2026-10-05T23:41:17.453434+00:00,2026-10-05T23:41:17.615214+00:00,https://www.sec.gov/Archives/edgar/full-index/2022/QTR2/index.json,200,3507,f42acc20de098447ebad7105594d24aebfd9dbe85485e4b651dc6df53ac7fc5e,listings/SEC-0064.headers.json,0,,2026-10-05T23:41:17.793434+00:00,success
SEC-0065,root chat only,2026-10-05T23:41:17.798473+00:00,2026-10-05T23:41:18.047447+00:00,https://www.sec.gov/Archives/edgar/full-index/2022/QTR3/index.json,200,3205,935c588571246deb9ca155d31882ddedf70dfd3affbebc6143be1f8459a5d526,listings/SEC-0065.headers.json,0,,2026-10-05T23:41:18.138473+00:00,success
SEC-0066,root chat only,2026-10-05T23:41:18.143500+00:00,2026-10-05T23:41:18.456269+00:00,https://www.sec.gov/Archives/edgar/full-index/2022/QTR4/index.json,200,3205,31f67f111965632cdece90ee3a0e13b02198cf5b9229b70769598c92188905d4,listings/SEC-0066.headers.json,0,,2026-10-05T23:41:18.483500+00:00,success
SEC-0067,root chat only,2026-10-05T23:41:18.488526+00:00,2026-10-05T23:41:18.703844+00:00,https://www.sec.gov/Archives/edgar/full-index/2023/index.json,200,694,384bfafd48d2af67d1c9ceb7489db737244e3d3a3ecc90853f1a02d60f5c3b45,listings/SEC-0067.headers.json,0,,2026-10-05T23:41:18.828526+00:00,success
SEC-0068,root chat only,2026-10-05T23:41:18.833555+00:00,2026-10-05T23:41:19.018360+00:00,https://www.sec.gov/Archives/edgar/full-index/2023/QTR1/index.json,200,3811,83455c7b859dd8c88bb7e8199e0b9073bd6d809fa14e70da28d77ae6fdf00a33,listings/SEC-0068.headers.json,0,,2026-10-05T23:41:19.173555+00:00,success
SEC-0069,root chat only,2026-10-05T23:41:19.178586+00:00,2026-10-05T23:41:19.414918+00:00,https://www.sec.gov/Archives/edgar/full-index/2023/QTR2/index.json,200,3659,c0699bbd220c881d16e6ae12dc7efc828c40f6ae776bb3d6c24fd39f96502723,listings/SEC-0069.headers.json,0,,2026-10-05T23:41:19.518586+00:00,success
SEC-0070,root chat only,2026-10-05T23:41:19.523619+00:00,2026-10-05T23:41:19.684022+00:00,https://www.sec.gov/Archives/edgar/full-index/2023/QTR3/index.json,200,3355,bbad2e657d1976829f5dbe188ed769fc9706d614e247193d457e87b1d64e338e,listings/SEC-0070.headers.json,0,,2026-10-05T23:41:19.863619+00:00,success
SEC-0071,root chat only,2026-10-05T23:41:19.868652+00:00,2026-10-05T23:41:20.177307+00:00,https://www.sec.gov/Archives/edgar/full-index/2023/QTR4/index.json,200,3355,0e8384abdd2a21b86e50524a7a59a532635986e9a43c95d835f7576ffe50265f,listings/SEC-0071.headers.json,0,,2026-10-05T23:41:20.208652+00:00,success
SEC-0072,root chat only,2026-10-05T23:41:20.213674+00:00,2026-10-05T23:41:20.339504+00:00,https://www.sec.gov/Archives/edgar/full-index/2024/index.json,200,480,182e4a0d1ad0caea83ceb12e3afdd34428dddcc35270d9503f2e58084318ba36,listings/SEC-0072.headers.json,0,,2026-10-05T23:41:20.553674+00:00,success
SEC-0073,root chat only,2026-10-05T23:41:20.558431+00:00,2026-10-05T23:41:20.853315+00:00,https://www.sec.gov/Archives/edgar/full-index/2024/QTR1/index.json,200,3963,8ed8293fadf4d6f15463020ed4acef23712a4c4918781c96505e0e6dc1bb2a25,listings/SEC-0073.headers.json,0,,2026-10-05T23:41:20.898431+00:00,success
SEC-0074,root chat only,2026-10-05T23:41:20.903451+00:00,2026-10-05T23:41:21.079548+00:00,https://www.sec.gov/Archives/edgar/full-index/2024/QTR2/index.json,200,3659,c0ce3182268aee1db770a765652d6f081397372f26dfe3505965959247062fdd,listings/SEC-0074.headers.json,0,,2026-10-05T23:41:21.243451+00:00,success
SEC-0075,root chat only,2026-10-05T23:41:21.248485+00:00,2026-10-05T23:41:21.438416+00:00,https://www.sec.gov/Archives/edgar/full-index/2024/QTR3/index.json,200,3355,d4f9f4726f37ff9ac64dcc7d0cae0f1602d4b192cf4b3ecbb4dfe43ffb8632b9,listings/SEC-0075.headers.json,0,,2026-10-05T23:41:21.588485+00:00,success
SEC-0076,root chat only,2026-10-05T23:41:21.591826+00:00,2026-10-05T23:41:21.723103+00:00,https://www.sec.gov/Archives/edgar/full-index/2024/QTR4/index.json,200,3948,367a30d0bdc18120e23d56903651f71ea5620942d9e80d47db0285046b6c02c4,listings/SEC-0076.headers.json,0,,2026-10-05T23:41:21.931826+00:00,success
SEC-0077,root chat only,2026-10-05T23:41:21.936856+00:00,2026-10-05T23:41:22.054040+00:00,https://www.sec.gov/Archives/edgar/full-index/2025/index.json,200,464,8e00afa8cf1de73fa80f0c59cba6259d6992d497cf5c13e2eb7006df45702871,listings/SEC-0077.headers.json,0,,2026-10-05T23:41:22.276856+00:00,success
SEC-0078,root chat only,2026-10-05T23:41:22.281891+00:00,2026-10-05T23:41:22.493915+00:00,https://www.sec.gov/Archives/edgar/full-index/2025/QTR1/index.json,200,4252,15c292c1fb0f71e5e44ca6152ee6f9c8f0468d7c29beef75d536736a6d4829ae,listings/SEC-0078.headers.json,0,,2026-10-05T23:41:22.621891+00:00,success
SEC-0079,root chat only,2026-10-05T23:41:22.626926+00:00,2026-10-05T23:41:22.823985+00:00,https://www.sec.gov/Archives/edgar/full-index/2025/QTR2/index.json,200,4102,e309a15fff4d71b51e6f3ea3e1b7ce794eee28f8a37d88e3c8bcb9c685e756e6,listings/SEC-0079.headers.json,0,,2026-10-05T23:41:22.966926+00:00,success
SEC-0080,root chat only,2026-10-05T23:41:22.971961+00:00,2026-10-05T23:41:23.234678+00:00,https://www.sec.gov/Archives/edgar/full-index/2025/QTR3/index.json,200,3948,595f9b401f8c589f41b011bed7d5f6c2648bff44d14dd0e334c5366f2b25f772,listings/SEC-0080.headers.json,0,,2026-10-05T23:41:23.311961+00:00,success
SEC-0081,root chat only,2026-10-05T23:41:23.316419+00:00,2026-10-05T23:41:23.575002+00:00,https://www.sec.gov/Archives/edgar/full-index/2025/QTR4/index.json,200,3948,892b9c94d410272887218a4e59aa9a3682f34b7ab3bdc842d7a2b6018e29317a,listings/SEC-0081.headers.json,0,,2026-10-05T23:41:23.656419+00:00,success
SEC-0082,root chat only,2026-10-05T23:41:23.658614+00:00,2026-10-05T23:41:23.779338+00:00,https://www.sec.gov/Archives/edgar/full-index/2026/index.json,200,464,74c10478485fe5ccf8740036468d5d6bbed18ddf3d85887ad69a870ce3f5ea4b,listings/SEC-0082.headers.json,0,,2026-10-05T23:41:23.998614+00:00,success
SEC-0083,root chat only,2026-10-05T23:41:24.003641+00:00,2026-10-05T23:41:24.154608+00:00,https://www.sec.gov/Archives/edgar/full-index/2026/QTR1/index.json,200,4406,45546a77ce8d233734f89f0fb3002ec808d9ce9c84ddcb0d158ef510af61aa65,listings/SEC-0083.headers.json,0,,2026-10-05T23:41:24.343641+00:00,success
SEC-0084,root chat only,2026-10-05T23:41:24.348675+00:00,2026-10-05T23:41:24.582014+00:00,https://www.sec.gov/Archives/edgar/full-index/2026/QTR2/index.json,200,4254,ed8c62b5a7087e2b951e29be6801cb4ddc1f5fea931255367e233a502843dc26,listings/SEC-0084.headers.json,0,,2026-10-05T23:41:24.688675+00:00,success
SEC-0085,root chat only,2026-10-05T23:41:24.693705+00:00,2026-10-05T23:41:24.845487+00:00,https://www.sec.gov/Archives/edgar/full-index/2026/QTR3/index.json,200,4101,e3ec6aa82a06ead3ffa7a4d2020653e67ca97a1ad768f227421b4b41c794cc24,listings/SEC-0085.headers.json,0,,2026-10-05T23:41:25.033705+00:00,success
SEC-0086,root chat only,2026-10-05T23:41:25.038732+00:00,2026-10-05T23:41:25.247626+00:00,https://www.sec.gov/Archives/edgar/full-index/2026/QTR4/index.json,200,2575,30bf3acb84a579303ceb0e4bc3526366f70b2e225607f228d4af6729d40b4801,listings/SEC-0086.headers.json,0,,2026-10-05T23:41:25.378732+00:00,success
SEC-0087,root chat only,2026-10-05T23:41:25.383762+00:00,2026-10-05T23:41:25.578050+00:00,https://www.sec.gov/Archives/edgar/daily-index/index.json,200,3763,50a885e0831f37adc2ef981d9ffe9cb4c732ce6459056f872a2e6168b1cf28ae,listings/SEC-0087.headers.json,0,,2026-10-05T23:41:25.723762+00:00,success
SEC-0088,root chat only,2026-10-05T23:41:25.728593+00:00,2026-10-05T23:41:25.964888+00:00,https://www.sec.gov/Archives/edgar/daily-index/2010/index.json,200,485,ed12d9ac7f9a92213275aef20ee80b1c4af41db94087d783bb99622a48b2afcd,listings/SEC-0088.headers.json,0,,2026-10-05T23:41:26.068593+00:00,success
SEC-0089,root chat only,2026-10-05T23:41:26.073622+00:00,2026-10-05T23:41:26.343949+00:00,https://www.sec.gov/Archives/edgar/daily-index/2010/QTR1/index.json,200,46841,df157692ebaebb28fa55a630f37da29ad95c347947e8f3ea7fd77e0ab205ce62,listings/SEC-0089.headers.json,0,,2026-10-05T23:41:26.413622+00:00,success
SEC-0090,root chat only,2026-10-05T23:41:26.418687+00:00,2026-10-05T23:41:26.606979+00:00,https://www.sec.gov/Archives/edgar/daily-index/2010/QTR4/index.json,200,24300,05a40f80b17ba1e7144eff456fc2b394b0a5964d2d3b5a65c25a90d000382f4f,listings/SEC-0090.headers.json,0,,2026-10-05T23:41:26.758687+00:00,success
SEC-0091,root chat only,2026-10-05T23:41:26.758949+00:00,2026-10-05T23:41:26.973443+00:00,https://www.sec.gov/Archives/edgar/daily-index/2011/index.json,200,485,97bc0ce7da0c4d8435cb89cf49d81d0b0786692e1ef060418515745ab9b15afd,listings/SEC-0091.headers.json,0,,2026-10-05T23:41:27.098949+00:00,success
SEC-0092,root chat only,2026-10-05T23:41:27.101480+00:00,2026-10-05T23:41:27.290242+00:00,https://www.sec.gov/Archives/edgar/daily-index/2011/QTR1/index.json,200,24706,15c6f6b791698fc293a2c92c5b4f1e0a4400a23fa4c99848d9306b0053daae13,listings/SEC-0092.headers.json,0,,2026-10-05T23:41:27.441480+00:00,success
SEC-0093,root chat only,2026-10-05T23:41:27.442967+00:00,2026-10-05T23:41:27.694676+00:00,https://www.sec.gov/Archives/edgar/daily-index/2011/QTR4/index.json,200,25218,8ba35687830773711729cbd7f91da740487e670f42e3c659a6ffb83eb9678994,listings/SEC-0093.headers.json,0,,2026-10-05T23:41:27.782967+00:00,success
SEC-0094,root chat only,2026-10-05T23:41:27.788018+00:00,2026-10-05T23:41:28.033960+00:00,https://www.sec.gov/Archives/edgar/daily-index/2012/index.json,200,485,9db5b4b8a568e00b6ca6df7056e5ba595f00e1e7088e226819779e12ccffda2c,listings/SEC-0094.headers.json,0,,2026-10-05T23:41:28.128018+00:00,success
SEC-0095,root chat only,2026-10-05T23:41:28.133110+00:00,2026-10-05T23:41:28.298185+00:00,https://www.sec.gov/Archives/edgar/daily-index/2012/QTR1/index.json,200,24706,afbbb2b261cb055705209c685121ce8995d22c030857efbeaf47a4b68b692971,listings/SEC-0095.headers.json,0,,2026-10-05T23:41:28.473110+00:00,success
SEC-0096,root chat only,2026-10-05T23:41:28.478148+00:00,2026-10-05T23:41:28.663700+00:00,https://www.sec.gov/Archives/edgar/daily-index/2012/QTR4/index.json,200,40777,0c1642415ba92f8472240e34f54f67cd42447553442443f7af5dc6e39d4a0d93,listings/SEC-0096.headers.json,0,,2026-10-05T23:41:28.818148+00:00,success
SEC-0097,root chat only,2026-10-05T23:41:28.823193+00:00,2026-10-05T23:41:29.045024+00:00,https://www.sec.gov/Archives/edgar/daily-index/2013/index.json,200,485,3fd15050a8504833fa18093a4a82bc3305f0b1000161878bb13fb8a0a754f57d,listings/SEC-0097.headers.json,0,,2026-10-05T23:41:29.163193+00:00,success
SEC-0098,root chat only,2026-10-05T23:41:29.168273+00:00,2026-10-05T23:41:29.541695+00:00,https://www.sec.gov/Archives/edgar/daily-index/2013/QTR1/index.json,200,42135,82fa213269de1f1d8727b695e59c5fc094ecef8a52d9a8a20d58367da6513e7e,listings/SEC-0098.headers.json,0,,2026-10-05T23:41:29.508273+00:00,success
SEC-0099,root chat only,2026-10-05T23:41:29.549885+00:00,2026-10-05T23:41:29.725323+00:00,https://www.sec.gov/Archives/edgar/daily-index/2013/QTR4/index.json,200,42710,7a41351b79fef8ab04e8872393f06ff3aafe63ac58cc42225b4362e2d6aca78d,listings/SEC-0099.headers.json,0,,2026-10-05T23:41:29.889885+00:00,success
SEC-0100,root chat only,2026-10-05T23:41:29.894935+00:00,2026-10-05T23:41:30.151493+00:00,https://www.sec.gov/Archives/edgar/daily-index/2014/index.json,200,483,6f9ac0cf5635be082ad16b25522ce1f259a50d2d99bff11368ad4dda31178570,listings/SEC-0100.headers.json,0,,2026-10-05T23:41:30.234935+00:00,success
SEC-0101,root chat only,2026-10-05T23:41:30.240035+00:00,2026-10-05T23:41:30.453810+00:00,https://www.sec.gov/Archives/edgar/daily-index/2014/QTR1/index.json,200,40835,375d2ca2c3ea222b80bbadbae87077e051b6543d4b4f839266c2f0188560eccc,listings/SEC-0101.headers.json,0,,2026-10-05T23:41:30.580035+00:00,success
SEC-0102,root chat only,2026-10-05T23:41:30.583832+00:00,2026-10-05T23:41:30.738051+00:00,https://www.sec.gov/Archives/edgar/daily-index/2014/QTR4/index.json,200,40085,93ff3c7a8aba8d1aaf8cd302cc8226be0bacdf66c53fbe16acea9fbc1697f7bb,listings/SEC-0102.headers.json,0,,2026-10-05T23:41:30.923832+00:00,success
SEC-0103,root chat only,2026-10-05T23:41:30.925749+00:00,2026-10-05T23:41:31.159062+00:00,https://www.sec.gov/Archives/edgar/daily-index/2015/index.json,200,485,d4e1ab2844061e1edea869d83ddb32db75e14d3247deea526f2dceb40f4cdc38,listings/SEC-0103.headers.json,0,,2026-10-05T23:41:31.265749+00:00,success
SEC-0104,root chat only,2026-10-05T23:41:31.269883+00:00,2026-10-05T23:41:31.519558+00:00,https://www.sec.gov/Archives/edgar/daily-index/2015/QTR1/index.json,200,40844,127c0245abfd6698302e9dca031d9f8605cbda4017c125954c0b5135aadc9d39,listings/SEC-0104.headers.json,0,,2026-10-05T23:41:31.609883+00:00,success
SEC-0105,root chat only,2026-10-05T23:41:31.614963+00:00,2026-10-05T23:41:31.982385+00:00,https://www.sec.gov/Archives/edgar/daily-index/2015/QTR4/index.json,200,41445,3c39bb16ab614af8787df3a91d31a9e6120d06b4840d8f89125945521a6bb60a,listings/SEC-0105.headers.json,0,,2026-10-05T23:41:31.954963+00:00,success
SEC-0106,root chat only,2026-10-05T23:41:31.988070+00:00,2026-10-05T23:41:32.204941+00:00,https://www.sec.gov/Archives/edgar/daily-index/2016/index.json,200,484,46c59d109023825f485bf21389b4b412326e88aef9871422fb53a9a724ccdca5,listings/SEC-0106.headers.json,0,,2026-10-05T23:41:32.328070+00:00,success
SEC-0107,root chat only,2026-10-05T23:41:32.333160+00:00,2026-10-05T23:41:32.540588+00:00,https://www.sec.gov/Archives/edgar/daily-index/2016/QTR1/index.json,200,40826,47397e6306a0e7d016bc8c085c9ad164b02240a3c8491d0120a362272eb38d2c,listings/SEC-0107.headers.json,0,,2026-10-05T23:41:32.673160+00:00,success
SEC-0108,root chat only,2026-10-05T23:41:32.678290+00:00,2026-10-05T23:41:32.873314+00:00,https://www.sec.gov/Archives/edgar/daily-index/2016/QTR4/index.json,200,40774,95203863316c29b963b1bfe79097483de81504f1602cdf5ea623328e96c6fb00,listings/SEC-0108.headers.json,0,,2026-10-05T23:41:33.018290+00:00,success
SEC-0109,root chat only,2026-10-05T23:41:33.023366+00:00,2026-10-05T23:41:33.177037+00:00,https://www.sec.gov/Archives/edgar/daily-index/2017/index.json,200,484,0cf988e36c44e76dbdc8f63a0ac8eef445aff7247db5ae3a56be13028da9c1bf,listings/SEC-0109.headers.json,0,,2026-10-05T23:41:33.363366+00:00,success
SEC-0110,root chat only,2026-10-05T23:41:33.368445+00:00,2026-10-05T23:41:33.652017+00:00,https://www.sec.gov/Archives/edgar/daily-index/2017/QTR1/index.json,200,41502,93681988410a3fb767be2f87ae95d87d7e7c24d0c52269dd789d4e4d60bc6a6d,listings/SEC-0110.headers.json,0,,2026-10-05T23:41:33.708445+00:00,success
SEC-0111,root chat only,2026-10-05T23:41:33.712273+00:00,2026-10-05T23:41:34.061053+00:00,https://www.sec.gov/Archives/edgar/daily-index/2017/QTR4/index.json,200,40773,4b94b1fa8d672e0c8f39622220f90702bd57d86eda97099add8ce24025206cb0,listings/SEC-0111.headers.json,0,,2026-10-05T23:41:34.052273+00:00,success
SEC-0112,root chat only,2026-10-05T23:41:34.065575+00:00,2026-10-05T23:41:34.257887+00:00,https://www.sec.gov/Archives/edgar/daily-index/2018/index.json,200,484,d1e4a18aac77c37e5e6f88b6cff8fe89a7231f70fa1f5d141ec1ae8544abbcd7,listings/SEC-0112.headers.json,0,,2026-10-05T23:41:34.405575+00:00,success
SEC-0113,root chat only,2026-10-05T23:41:34.410679+00:00,2026-10-05T23:41:34.624314+00:00,https://www.sec.gov/Archives/edgar/daily-index/2018/QTR1/index.json,200,41493,c025e6d08f4a566fd6c548982b8f6021bf048b5993b128f31e194478084926b3,listings/SEC-0113.headers.json,0,,2026-10-05T23:41:34.750679+00:00,success
SEC-0114,root chat only,2026-10-05T23:41:34.755804+00:00,2026-10-05T23:41:35.068951+00:00,https://www.sec.gov/Archives/edgar/daily-index/2018/QTR4/index.json,200,40106,63a6a294a19e373fd165391799bd103b048bdb55194d1877b095d6be4341d3c9,listings/SEC-0114.headers.json,0,,2026-10-05T23:41:35.095804+00:00,success
SEC-0115,root chat only,2026-10-05T23:41:35.100851+00:00,2026-10-05T23:41:35.284074+00:00,https://www.sec.gov/Archives/edgar/daily-index/2019/index.json,200,484,48e15a2dc90b23d145e3b6e9a763bb157837476df0575519b2edd6b28293713a,listings/SEC-0115.headers.json,0,,2026-10-05T23:41:35.440851+00:00,success
SEC-0116,root chat only,2026-10-05T23:41:35.442702+00:00,2026-10-05T23:41:35.609998+00:00,https://www.sec.gov/Archives/edgar/daily-index/2019/QTR1/index.json,200,40830,6ab076466758d182b0a40e41bf695e8dd4d796aca1fadb380fd314f566993047,listings/SEC-0116.headers.json,0,,2026-10-05T23:41:35.782702+00:00,success
SEC-0117,root chat only,2026-10-05T23:41:35.787780+00:00,2026-10-05T23:41:35.976945+00:00,https://www.sec.gov/Archives/edgar/daily-index/2019/QTR4/index.json,200,40774,2b33ca8b45c04e6cfdd032b4e5f2249d372cb1dd79ca9806219508336b5ac510,listings/SEC-0117.headers.json,0,,2026-10-05T23:41:36.127780+00:00,success
SEC-0118,root chat only,2026-10-05T23:41:36.132853+00:00,2026-10-05T23:41:36.337280+00:00,https://www.sec.gov/Archives/edgar/daily-index/2020/index.json,200,484,8d5bea8297094b1aaa308865cf7752e955b8f175c9dd56c96fd54332e90384ee,listings/SEC-0118.headers.json,0,,2026-10-05T23:41:36.472853+00:00,success
SEC-0119,root chat only,2026-10-05T23:41:36.477964+00:00,2026-10-05T23:41:36.746266+00:00,https://www.sec.gov/Archives/edgar/daily-index/2020/QTR1/index.json,200,41511,72e5cd904776c2966d6c77700a9b594dd9c37ea2f0be5aa08e4cd03ea477eecc,listings/SEC-0119.headers.json,0,,2026-10-05T23:41:36.817964+00:00,success
SEC-0120,root chat only,2026-10-05T23:41:36.823046+00:00,2026-10-05T23:41:36.995686+00:00,https://www.sec.gov/Archives/edgar/daily-index/2020/QTR4/index.json,200,40778,06cd0913de9b47191684c5f774489bc83e7854c094bf9035b2c767f72f19cb08,listings/SEC-0120.headers.json,0,,2026-10-05T23:41:37.163046+00:00,success
SEC-0121,root chat only,2026-10-05T23:41:37.167283+00:00,2026-10-05T23:41:37.373808+00:00,https://www.sec.gov/Archives/edgar/daily-index/2021/index.json,200,484,7383a551d1ff80209b5d9be5d8eb30b4d77a13ed3778c31d269c447fd835d7d1,listings/SEC-0121.headers.json,0,,2026-10-05T23:41:37.507283+00:00,success
SEC-0122,root chat only,2026-10-05T23:41:37.512346+00:00,2026-10-05T23:41:37.757455+00:00,https://www.sec.gov/Archives/edgar/daily-index/2021/QTR1/index.json,200,40862,415cf92764a154a202e5580dcda8bb1ab882c9c94002548a1201caf90ff42a6b,listings/SEC-0122.headers.json,0,,2026-10-05T23:41:37.852346+00:00,success
SEC-0123,root chat only,2026-10-05T23:41:37.857462+00:00,2026-10-05T23:41:38.117138+00:00,https://www.sec.gov/Archives/edgar/daily-index/2021/QTR4/index.json,200,40795,34fa07d11ed899960ff453167362bc45a4549f8748ce8d45d2a7025c153016ad,listings/SEC-0123.headers.json,0,,2026-10-05T23:41:38.197462+00:00,success
SEC-0124,root chat only,2026-10-05T23:41:38.202534+00:00,2026-10-05T23:41:38.404178+00:00,https://www.sec.gov/Archives/edgar/daily-index/2022/index.json,200,484,950328d3ad66620d2f229b1aae325fcdf63ad37c4692d92079f4408fce79ce1a,listings/SEC-0124.headers.json,0,,2026-10-05T23:41:38.542534+00:00,success
SEC-0125,root chat only,2026-10-05T23:41:38.547639+00:00,2026-10-05T23:41:38.743798+00:00,https://www.sec.gov/Archives/edgar/daily-index/2022/QTR1/index.json,200,41528,bfef9e76c582618342df43fcabcf8c3ba5a374f6ad623a80b7d7378cf6e2c374,listings/SEC-0125.headers.json,0,,2026-10-05T23:41:38.887639+00:00,success
SEC-0126,root chat only,2026-10-05T23:41:38.892746+00:00,2026-10-05T23:41:39.258397+00:00,https://www.sec.gov/Archives/edgar/daily-index/2022/QTR4/index.json,200,43148,f59de756e531ad6bf107a0be8b4c195648a62b1ef2fdfc0939eb26482211b8f3,listings/SEC-0126.headers.json,0,,2026-10-05T23:41:39.232746+00:00,success
SEC-0127,root chat only,2026-10-05T23:41:39.265156+00:00,2026-10-05T23:41:39.465330+00:00,https://www.sec.gov/Archives/edgar/daily-index/2023/index.json,200,484,ba81060b91550ea6e94d8c5d471000b4d6faeaecb0bc9270463f35c735178b7b,listings/SEC-0127.headers.json,0,,2026-10-05T23:41:39.605156+00:00,success
SEC-0128,root chat only,2026-10-05T23:41:39.609061+00:00,2026-10-05T23:41:39.912738+00:00,https://www.sec.gov/Archives/edgar/daily-index/2023/QTR1/index.json,200,41529,8d5e42e23b429e057908ae0118fd04cdf2f46c87e16478299c027f6f80227a30,listings/SEC-0128.headers.json,0,,2026-10-05T23:41:39.949061+00:00,success
SEC-0129,root chat only,2026-10-05T23:41:39.954106+00:00,2026-10-05T23:41:40.123788+00:00,https://www.sec.gov/Archives/edgar/daily-index/2023/QTR4/index.json,200,40789,f13bd66a856fa5a72d215b0474a0a565925843653e14d26ddcb9b960232d620b,listings/SEC-0129.headers.json,0,,2026-10-05T23:41:40.294106+00:00,success
SEC-0130,root chat only,2026-10-05T23:41:40.299180+00:00,2026-10-05T23:41:40.494250+00:00,https://www.sec.gov/Archives/edgar/daily-index/2024/index.json,200,484,08e7f0dce0a99aa8601ceb6baeb73629415329aeaa23e5a2bb34ade8be748f5f,listings/SEC-0130.headers.json,0,,2026-10-05T23:41:40.639180+00:00,success
SEC-0131,root chat only,2026-10-05T23:41:40.643516+00:00,2026-10-05T23:41:40.926779+00:00,https://www.sec.gov/Archives/edgar/daily-index/2024/QTR1/index.json,200,41548,f36ce144ec0bf6eddea23b37e5e1d36e9c569d0066ef241be9c84cef8f3927d9,listings/SEC-0131.headers.json,0,,2026-10-05T23:41:40.983516+00:00,success
SEC-0132,root chat only,2026-10-05T23:41:40.984157+00:00,2026-10-05T23:41:41.159884+00:00,https://www.sec.gov/Archives/edgar/daily-index/2024/QTR4/index.json,200,40811,eae5a70f75570b161729536fe5d8100a163474f3a012247839bf0d81f22409f1,listings/SEC-0132.headers.json,0,,2026-10-05T23:41:41.324157+00:00,success
SEC-0133,root chat only,2026-10-05T23:41:41.328057+00:00,2026-10-05T23:41:41.537156+00:00,https://www.sec.gov/Archives/edgar/daily-index/2025/index.json,200,465,166421730142c8703a8fc0fb82d3d62d6a1ec4c35289979de02f40f911c5357a,listings/SEC-0133.headers.json,0,,2026-10-05T23:41:41.668057+00:00,success
SEC-0134,root chat only,2026-10-05T23:41:41.672875+00:00,2026-10-05T23:41:42.058673+00:00,https://www.sec.gov/Archives/edgar/daily-index/2025/QTR1/index.json,200,40213,1495e0c921d7d7e7b4d57c2ffca6a849b573ac57c4c855df65856b261b4fa286,listings/SEC-0134.headers.json,0,,2026-10-05T23:41:42.012875+00:00,success
SEC-0135,root chat only,2026-10-05T23:41:42.071153+00:00,2026-10-05T23:41:42.312170+00:00,https://www.sec.gov/Archives/edgar/daily-index/2025/QTR4/index.json,200,40151,119bb9e23f278b37628547544db99c728fc7b1ec091c2fffe15f8702145c1603,listings/SEC-0135.headers.json,0,,2026-10-05T23:41:42.411153+00:00,success
SEC-0136,root chat only,2026-10-05T23:41:42.416225+00:00,2026-10-05T23:41:42.554313+00:00,https://www.sec.gov/Archives/edgar/daily-index/2026/index.json,200,465,13e5b3e24b7823790d22325660981bd2b0c613641e22b1924a64f2042061fe94,listings/SEC-0136.headers.json,0,,2026-10-05T23:41:42.756225+00:00,success
SEC-0137,root chat only,2026-10-05T23:41:42.761314+00:00,2026-10-05T23:41:43.042758+00:00,https://www.sec.gov/Archives/edgar/daily-index/2026/QTR1/index.json,200,40906,cadfdf4c918cf3621f11d52e29db9581c98a40badb2c47f9a17dab9878c6a0fb,listings/SEC-0137.headers.json,0,,2026-10-05T23:41:43.101314+00:00,success
SEC-0138,root chat only,2026-10-05T23:41:43.106417+00:00,2026-10-05T23:41:43.228698+00:00,https://www.sec.gov/Archives/edgar/daily-index/2026/QTR3/index.json,200,42844,dbba44f7f3e0cdcabc15f4337daa7f2ba2f42fdcf7d6381719a1e9a3faa2947a,listings/SEC-0138.headers.json,0,,2026-10-05T23:41:43.446417+00:00,success
SEC-0139,root chat only,2026-10-05T23:41:43.451491+00:00,2026-10-05T23:41:43.631617+00:00,https://www.sec.gov/Archives/edgar/daily-index/2026/QTR4/index.json,200,1419,bb4e29c64ca74c3ed92b8e27d4f4bc2f421fb3b4ed6f8c329609fc4fc72bf1bb,listings/SEC-0139.headers.json,0,,2026-10-05T23:41:43.791491+00:00,success
SEC-0140,root chat only,2026-10-05T23:42:03.271378+00:00,2026-10-05T23:42:03.476740+00:00,https://www.sec.gov/search-filings/edgar-search-assistance/accessing-edgar-data,200,80347,a6cc595409517b30872128da28bef55d6abcc074c5c894621478965e73a66457,listings/SEC-0140.headers.json,0,,2026-10-05T23:42:03.611378+00:00,success
SEC-0141,root chat only,2026-10-05T23:53:32.040358+00:00,2026-10-05T23:53:32.451401+00:00,https://www.sec.gov/Archives/edgar/full-index/2010/QTR1/master.zip,200,3729148,aca38d21ee64795f6095c86c0424f94e16a322a4ec0eb6fd38d2e5d6f86822de,listings/SEC-0141.headers.json,0,,2026-10-05T23:53:32.380358+00:00,success
SEC-0142,root chat only,2026-10-05T23:55:01.306459+00:00,2026-10-05T23:55:01.725514+00:00,https://www.sec.gov/Archives/edgar/full-index/2015/QTR1/master.zip,200,3901000,984c3130c617c11d085a4deff77a01c21b1113d5bb4c8b2173f5f87eb9f2a728,listings/SEC-0142.headers.json,0,,2026-10-05T23:55:01.646459+00:00,success
SEC-0143,root chat only,2026-10-05T23:55:44.338440+00:00,2026-10-05T23:55:44.640468+00:00,https://www.sec.gov/Archives/edgar/full-index/2026/QTR3/master.zip,200,3502663,393a535f84b71ed34845f67aa5e5275ecc86afeb1a6558ad5623b0d7d0babe71,listings/SEC-0143.headers.json,0,,2026-10-05T23:55:44.678440+00:00,success
SEC-0144,root chat only,2026-10-05T23:56:21.849781+00:00,2026-10-05T23:56:22.093927+00:00,https://www.sec.gov/Archives/edgar/full-index/2026/QTR4/master.zip,200,178884,ca5f8a7b9ed1689a334f204456a7ecc70a63176506e9d20f9d149cd11d1201b8,listings/SEC-0144.headers.json,0,,2026-10-05T23:56:22.189781+00:00,success
SEC-0145,root chat only,2026-10-05T23:57:13.956947+00:00,2026-10-05T23:57:14.225345+00:00,https://www.sec.gov/Archives/edgar/full-index/master.zip,200,178884,ca5f8a7b9ed1689a334f204456a7ecc70a63176506e9d20f9d149cd11d1201b8,listings/SEC-0145.headers.json,0,,2026-10-05T23:57:14.296947+00:00,success
SEC-0146,root chat only,2026-10-05T23:58:06.834202+00:00,2026-10-05T23:58:07.006422+00:00,https://www.sec.gov/Archives/edgar/daily-index/2026/QTR3/master.20260930.idx,200,320256,8ec83de06534af79673887618c0125184a76e9a3db79843c95d3558561ddd018,listings/SEC-0146.headers.json,0,,2026-10-05T23:58:07.174202+00:00,success
SEC-0147,root chat only,2026-10-06T00:02:31.920541+00:00,2026-10-06T00:02:32.095464+00:00,https://www.sec.gov/Archives/edgar/daily-index/2026/QTR4/master.20261001.idx,200,481733,529aabd8111461c373b409da01e106a75662af200ac75f9545106a55b4d8ba17,listings/SEC-0147.headers.json,0,,2026-10-06T00:02:32.260541+00:00,success
SEC-0148,root chat only,2026-10-06T00:03:32.579898+00:00,2026-10-06T00:03:32.794723+00:00,https://www.sec.gov/Archives/edgar/daily-index/2026/QTR4/master.20261002.idx,200,621000,17f223abb09fc7488947f0ca9e4686167927a09a2f342d8bcefd0d445fdbc3eb,listings/SEC-0148.headers.json,0,,2026-10-06T00:03:32.919898+00:00,success
SEC-0149,root chat only,2026-10-06T00:04:11.583037+00:00,2026-10-06T00:04:11.819515+00:00,https://www.sec.gov/Archives/edgar/daily-index/2025/QTR4/master.20251231.idx,200,273232,a5f5bd3f0ea83804b13b3a89f57273ddff78c0eefd0cbc302ecc81400408029b,listings/SEC-0149.headers.json,0,,2026-10-06T00:04:11.923037+00:00,success
SEC-0150,root chat only,2026-10-06T00:05:19.837941+00:00,2026-10-06T00:05:20.276399+00:00,https://www.sec.gov/Archives/edgar/daily-index/2026/QTR1/master.20260102.idx,200,417467,caaf4ed84be07de97f100a3e04afbb03f4c28d080faf892b35a20e2e96125ba7,listings/SEC-0150.headers.json,0,,2026-10-06T00:05:20.177941+00:00,success
